gene	chrom	gene_id	svtype	consequence	af	n_hom_alt	AFR_LoF	AMR_LoF	EAS_LoF	EUR_LoF	Human_anyLoF	Human_commonLoF	Human_homozygousLoF	SAS_LoF
ANKRD31	5	ENSG00000145700	INS	insertion_in_CDS_exon	0.006205	1	0	0	0	0	0	0	0	0
BRIP1	17	ENSG00000136492	INS	insertion_in_CDS_exon	0.111169	45	0	0	0	0	0	0	0	0
C1ORF112	1	ENSG00000000460	DEL	canonical_CDS_exon_deletion	0.001551	0	0	1	0	1	1	0	0	1
CUL4A	13	ENSG00000139842	DEL	canonical_CDS_exon_deletion	0.000517	0	1	0	0	0	1	0	0	0
FANCM	14	ENSG00000187790	DEL	canonical_CDS_exon_deletion	0.273009	92	1	1	1	1	1	1	1	1
HELLS	10	ENSG00000119969	INS	insertion_in_CDS_exon	0.003619	0	0	0	0	0	0	0	0	0
HFM1	1	ENSG00000162669	INS	insertion_in_CDS_exon	0.615822	400	0	0	0	0	0	0	0	0
IHO1	3	ENSG00000173421	COMPLEX	complex_deletion_in_CDS	0.001551	1	0	1	0	1	1	0	1	0
MEI1	22	ENSG00000167077	DEL	canonical_CDS_exon_deletion	0.326267	148	1	1	1	1	1	1	1	1
MEI4	6	ENSG00000269964	DEL	CDS_deletion_22%_of_canonical	0.126163	62	1	1	1	1	1	1	1	1
MND1	4	ENSG00000121211	DEL	CDS_deletion_11%_of_canonical	0.002585	0	1	1	0	0	1	0	0	0
MSH5	6	ENSG00000204410	DEL	CDS_deletion_59%_of_canonical	0.016029	7	1	1	1	1	1	1	1	1
NBN	8	ENSG00000104320	INS	insertion_in_CDS_exon	0.000517	0	0	0	0	0	0	0	0	0
PALB2	16	ENSG00000083093	DEL	CDS_deletion_30%_of_canonical	0.000517	0	0	1	0	0	1	0	0	0
POLB	8	ENSG00000070501	DEL	CDS_deletion_28%_of_canonical	0.001034	0	0	0	0	0	1	0	0	1
PSMC3IP	17	ENSG00000131470	INS	insertion_in_CDS_exon	0.003102	0	0	0	0	0	0	0	0	0
RAD50	5	ENSG00000113522	COMPLEX	complex_deletion_in_CDS	0.004654	0	1	1	1	0	1	0	0	0
RAD51B	14	ENSG00000182185	DEL	CDS_deletion_11%_of_canonical	0.001034	0	1	0	0	0	1	0	0	0
RNF212	4	ENSG00000178222	COMPLEX	complex_deletion_in_CDS	0.005688	0	1	1	1	0	1	0	0	0
RPA1	17	ENSG00000132383	DEL	canonical_CDS_exon_deletion	0.001551	0	0	1	0	1	1	0	0	0
SHOC1	9	ENSG00000165181	DEL	canonical_CDS_exon_deletion	0.000517	0	0	0	0	0	1	0	0	1
SMC1B	22	ENSG00000077935	INS	insertion_in_CDS_exon	0.001551	0	0	0	0	0	0	0	0	0
SPATA22	17	ENSG00000141255	DEL	CDS_deletion_14%_of_canonical	0.000517	0	0	0	1	0	1	0	0	0
SYCP1	1	ENSG00000198765	DEL	canonical_CDS_exon_deletion	0.03516	7	1	1	0	0	1	1	1	1
