query_gene	chrom	gene_id	svtype	consequence	af	n_hom_alt	lineage	status	all_statuses
ANKRD31	5	ENSG00000145700	INS	insertion_in_CDS_exon	0.006205	1	AFR_LoF	LC_LOF	LC_LOF
ANKRD31	5	ENSG00000145700	INS	insertion_in_CDS_exon	0.006205	1	AMR_LoF	LC_LOF	LC_LOF
ANKRD31	5	ENSG00000145700	INS	insertion_in_CDS_exon	0.006205	1	Human_anyLoF	LC_LOF	LC_LOF
ANKRD31	5	ENSG00000145700	INS	insertion_in_CDS_exon	0.006205	1	Human_homozygousLoF	LC_LOF	LC_LOF
BRIP1	17	ENSG00000136492	INS	insertion_in_CDS_exon	0.111169	45	AFR_LoF	LC_LOF	LC_LOF
BRIP1	17	ENSG00000136492	INS	insertion_in_CDS_exon	0.111169	45	AMR_LoF	LC_LOF	LC_LOF
BRIP1	17	ENSG00000136492	INS	insertion_in_CDS_exon	0.111169	45	Human_anyLoF	LC_LOF	LC_LOF
BRIP1	17	ENSG00000136492	INS	insertion_in_CDS_exon	0.111169	45	Human_commonLoF	LC_LOF	LC_LOF
BRIP1	17	ENSG00000136492	INS	insertion_in_CDS_exon	0.111169	45	Human_homozygousLoF	LC_LOF	LC_LOF
C1ORF112	1	ENSG00000000460	DEL	canonical_CDS_exon_deletion	0.001551	0	AMR_LoF	HC_LOF	HC_LOF
C1ORF112	1	ENSG00000000460	DEL	canonical_CDS_exon_deletion	0.001551	0	EUR_LoF	HC_LOF	HC_LOF
C1ORF112	1	ENSG00000000460	DEL	canonical_CDS_exon_deletion	0.001551	0	Human_anyLoF	HC_LOF	HC_LOF
C1ORF112	1	ENSG00000000460	DEL	canonical_CDS_exon_deletion	0.001551	0	SAS_LoF	HC_LOF	HC_LOF
CUL4A	13	ENSG00000139842	DEL	canonical_CDS_exon_deletion	0.000517	0	AFR_LoF	HC_LOF	HC_LOF
CUL4A	13	ENSG00000139842	DEL	canonical_CDS_exon_deletion	0.000517	0	AMR_LoF	LC_LOF	LC_LOF
CUL4A	13	ENSG00000139842	DEL	canonical_CDS_exon_deletion	0.000517	0	EAS_LoF	LC_LOF	LC_LOF
CUL4A	13	ENSG00000139842	DEL	canonical_CDS_exon_deletion	0.000517	0	EUR_LoF	LC_LOF	LC_LOF
CUL4A	13	ENSG00000139842	DEL	canonical_CDS_exon_deletion	0.000517	0	Human_anyLoF	HC_LOF	HC_LOF
CUL4A	13	ENSG00000139842	DEL	canonical_CDS_exon_deletion	0.000517	0	Human_commonLoF	LC_LOF	LC_LOF
CUL4A	13	ENSG00000139842	DEL	canonical_CDS_exon_deletion	0.000517	0	Human_homozygousLoF	LC_LOF	LC_LOF
CUL4A	13	ENSG00000139842	DEL	canonical_CDS_exon_deletion	0.000517	0	SAS_LoF	LC_LOF	LC_LOF
FANCM	14	ENSG00000187790	DEL	canonical_CDS_exon_deletion	0.273009	92	AFR_LoF	HC_LOF	HC_LOF
FANCM	14	ENSG00000187790	DEL	canonical_CDS_exon_deletion	0.273009	92	AMR_LoF	HC_LOF	HC_LOF
FANCM	14	ENSG00000187790	DEL	canonical_CDS_exon_deletion	0.273009	92	EAS_LoF	HC_LOF	HC_LOF
FANCM	14	ENSG00000187790	DEL	canonical_CDS_exon_deletion	0.273009	92	EUR_LoF	HC_LOF	HC_LOF
FANCM	14	ENSG00000187790	DEL	canonical_CDS_exon_deletion	0.273009	92	Human_anyLoF	HC_LOF	HC_LOF
FANCM	14	ENSG00000187790	DEL	canonical_CDS_exon_deletion	0.273009	92	Human_commonLoF	HC_LOF	HC_LOF
FANCM	14	ENSG00000187790	DEL	canonical_CDS_exon_deletion	0.273009	92	Human_homozygousLoF	HC_LOF	HC_LOF
FANCM	14	ENSG00000187790	DEL	canonical_CDS_exon_deletion	0.273009	92	SAS_LoF	HC_LOF	HC_LOF
HELLS	10	ENSG00000119969	INS	insertion_in_CDS_exon	0.003619	0	AFR_LoF	LC_LOF	LC_LOF
HELLS	10	ENSG00000119969	INS	insertion_in_CDS_exon	0.003619	0	Human_anyLoF	LC_LOF	LC_LOF
HFM1	1	ENSG00000162669	INS	insertion_in_CDS_exon	0.615822	400	AFR_LoF	LC_LOF	LC_LOF
HFM1	1	ENSG00000162669	INS	insertion_in_CDS_exon	0.615822	400	AMR_LoF	LC_LOF	LC_LOF
HFM1	1	ENSG00000162669	INS	insertion_in_CDS_exon	0.615822	400	EAS_LoF	LC_LOF	LC_LOF
HFM1	1	ENSG00000162669	INS	insertion_in_CDS_exon	0.615822	400	EUR_LoF	LC_LOF	LC_LOF
HFM1	1	ENSG00000162669	INS	insertion_in_CDS_exon	0.615822	400	Human_anyLoF	LC_LOF	LC_LOF
HFM1	1	ENSG00000162669	INS	insertion_in_CDS_exon	0.615822	400	Human_commonLoF	LC_LOF	LC_LOF
HFM1	1	ENSG00000162669	INS	insertion_in_CDS_exon	0.615822	400	Human_homozygousLoF	LC_LOF	LC_LOF
HFM1	1	ENSG00000162669	INS	insertion_in_CDS_exon	0.615822	400	SAS_LoF	LC_LOF	LC_LOF
IHO1	3	ENSG00000173421	COMPLEX	complex_deletion_in_CDS	0.001551	1	AMR_LoF	HC_LOF	HC_LOF
IHO1	3	ENSG00000173421	COMPLEX	complex_deletion_in_CDS	0.001551	1	EUR_LoF	HC_LOF	HC_LOF
IHO1	3	ENSG00000173421	COMPLEX	complex_deletion_in_CDS	0.001551	1	Human_anyLoF	HC_LOF	HC_LOF
IHO1	3	ENSG00000173421	COMPLEX	complex_deletion_in_CDS	0.001551	1	Human_homozygousLoF	HC_LOF	HC_LOF
MEI1	22	ENSG00000167077	DEL	canonical_CDS_exon_deletion	0.326267	148	AFR_LoF	HC_LOF	HC_LOF
MEI1	22	ENSG00000167077	DEL	canonical_CDS_exon_deletion	0.326267	148	AMR_LoF	HC_LOF	HC_LOF
MEI1	22	ENSG00000167077	DEL	canonical_CDS_exon_deletion	0.326267	148	EAS_LoF	HC_LOF	HC_LOF
MEI1	22	ENSG00000167077	DEL	canonical_CDS_exon_deletion	0.326267	148	EUR_LoF	HC_LOF	HC_LOF
MEI1	22	ENSG00000167077	DEL	canonical_CDS_exon_deletion	0.326267	148	Human_anyLoF	HC_LOF	HC_LOF
MEI1	22	ENSG00000167077	DEL	canonical_CDS_exon_deletion	0.326267	148	Human_commonLoF	HC_LOF	HC_LOF
MEI1	22	ENSG00000167077	DEL	canonical_CDS_exon_deletion	0.326267	148	Human_homozygousLoF	HC_LOF	HC_LOF
MEI1	22	ENSG00000167077	DEL	canonical_CDS_exon_deletion	0.326267	148	SAS_LoF	HC_LOF	HC_LOF
MEI4	6	ENSG00000269964	DEL	CDS_deletion_22%_of_canonical	0.126163	62	AFR_LoF	HC_LOF	HC_LOF
MEI4	6	ENSG00000269964	DEL	CDS_deletion_22%_of_canonical	0.126163	62	AMR_LoF	HC_LOF	HC_LOF
MEI4	6	ENSG00000269964	DEL	CDS_deletion_22%_of_canonical	0.126163	62	EAS_LoF	HC_LOF	HC_LOF
MEI4	6	ENSG00000269964	DEL	CDS_deletion_22%_of_canonical	0.126163	62	EUR_LoF	HC_LOF	HC_LOF
MEI4	6	ENSG00000269964	DEL	CDS_deletion_22%_of_canonical	0.126163	62	Human_anyLoF	HC_LOF	HC_LOF
MEI4	6	ENSG00000269964	DEL	CDS_deletion_22%_of_canonical	0.126163	62	Human_commonLoF	HC_LOF	HC_LOF
MEI4	6	ENSG00000269964	DEL	CDS_deletion_22%_of_canonical	0.126163	62	Human_homozygousLoF	HC_LOF	HC_LOF
MEI4	6	ENSG00000269964	DEL	CDS_deletion_22%_of_canonical	0.126163	62	SAS_LoF	HC_LOF	HC_LOF
MND1	4	ENSG00000121211	DEL	CDS_deletion_11%_of_canonical	0.002585	0	AFR_LoF	HC_LOF	HC_LOF
MND1	4	ENSG00000121211	DEL	CDS_deletion_11%_of_canonical	0.002585	0	AMR_LoF	HC_LOF	HC_LOF
MND1	4	ENSG00000121211	DEL	CDS_deletion_11%_of_canonical	0.002585	0	Human_anyLoF	HC_LOF	HC_LOF
MSH5	6	ENSG00000204410	DEL	CDS_deletion_59%_of_canonical	0.016029	7	AFR_LoF	HC_LOF	HC_LOF
MSH5	6	ENSG00000204410	DEL	CDS_deletion_59%_of_canonical	0.016029	7	AMR_LoF	HC_LOF	HC_LOF
MSH5	6	ENSG00000204410	DEL	CDS_deletion_59%_of_canonical	0.016029	7	EAS_LoF	HC_LOF	HC_LOF
MSH5	6	ENSG00000204410	DEL	CDS_deletion_59%_of_canonical	0.016029	7	EUR_LoF	HC_LOF	HC_LOF
MSH5	6	ENSG00000204410	DEL	CDS_deletion_59%_of_canonical	0.016029	7	Human_anyLoF	HC_LOF	HC_LOF
MSH5	6	ENSG00000204410	DEL	CDS_deletion_59%_of_canonical	0.016029	7	Human_commonLoF	HC_LOF	HC_LOF
MSH5	6	ENSG00000204410	DEL	CDS_deletion_59%_of_canonical	0.016029	7	Human_homozygousLoF	HC_LOF	HC_LOF
MSH5	6	ENSG00000204410	DEL	CDS_deletion_59%_of_canonical	0.016029	7	SAS_LoF	HC_LOF	HC_LOF
NBN	8	ENSG00000104320	INS	insertion_in_CDS_exon	0.000517	0	AFR_LoF	LC_LOF	LC_LOF
NBN	8	ENSG00000104320	INS	insertion_in_CDS_exon	0.000517	0	Human_anyLoF	LC_LOF	LC_LOF
PALB2	16	ENSG00000083093	DEL	CDS_deletion_30%_of_canonical	0.000517	0	AMR_LoF	HC_LOF	HC_LOF
PALB2	16	ENSG00000083093	DEL	CDS_deletion_30%_of_canonical	0.000517	0	Human_anyLoF	HC_LOF	HC_LOF
POLB	8	ENSG00000070501	DEL	CDS_deletion_28%_of_canonical	0.001034	0	Human_anyLoF	HC_LOF	HC_LOF
POLB	8	ENSG00000070501	DEL	CDS_deletion_28%_of_canonical	0.001034	0	SAS_LoF	HC_LOF	HC_LOF
PSMC3IP	17	ENSG00000131470	INS	insertion_in_CDS_exon	0.003102	0	AFR_LoF	LC_LOF	LC_LOF
PSMC3IP	17	ENSG00000131470	INS	insertion_in_CDS_exon	0.003102	0	EUR_LoF	LC_LOF	LC_LOF
PSMC3IP	17	ENSG00000131470	INS	insertion_in_CDS_exon	0.003102	0	Human_anyLoF	LC_LOF	LC_LOF
PSMC3IP	17	ENSG00000131470	INS	insertion_in_CDS_exon	0.003102	0	SAS_LoF	LC_LOF	LC_LOF
RAD50	5	ENSG00000113522	COMPLEX	complex_deletion_in_CDS	0.004654	0	AFR_LoF	HC_LOF	HC_LOF
RAD50	5	ENSG00000113522	COMPLEX	complex_deletion_in_CDS	0.004654	0	AMR_LoF	HC_LOF	HC_LOF
RAD50	5	ENSG00000113522	COMPLEX	complex_deletion_in_CDS	0.004654	0	EAS_LoF	HC_LOF	HC_LOF
RAD50	5	ENSG00000113522	COMPLEX	complex_deletion_in_CDS	0.004654	0	Human_anyLoF	HC_LOF	HC_LOF
RAD51B	14	ENSG00000182185	DEL	CDS_deletion_11%_of_canonical	0.001034	0	AFR_LoF	HC_LOF	HC_LOF
RAD51B	14	ENSG00000182185	DEL	CDS_deletion_11%_of_canonical	0.001034	0	Human_anyLoF	HC_LOF	HC_LOF
RNF212	4	ENSG00000178222	COMPLEX	complex_deletion_in_CDS	0.005688	0	AFR_LoF	HC_LOF	HC_LOF
RNF212	4	ENSG00000178222	COMPLEX	complex_deletion_in_CDS	0.005688	0	AMR_LoF	HC_LOF	HC_LOF
RNF212	4	ENSG00000178222	COMPLEX	complex_deletion_in_CDS	0.005688	0	EAS_LoF	HC_LOF	HC_LOF
RNF212	4	ENSG00000178222	COMPLEX	complex_deletion_in_CDS	0.005688	0	Human_anyLoF	HC_LOF	HC_LOF
RPA1	17	ENSG00000132383	DEL	canonical_CDS_exon_deletion	0.001551	0	AMR_LoF	HC_LOF	HC_LOF
RPA1	17	ENSG00000132383	DEL	canonical_CDS_exon_deletion	0.001551	0	EUR_LoF	HC_LOF	HC_LOF
RPA1	17	ENSG00000132383	DEL	canonical_CDS_exon_deletion	0.001551	0	Human_anyLoF	HC_LOF	HC_LOF
SHOC1	9	ENSG00000165181	DEL	canonical_CDS_exon_deletion	0.000517	0	Human_anyLoF	HC_LOF	HC_LOF
SHOC1	9	ENSG00000165181	DEL	canonical_CDS_exon_deletion	0.000517	0	SAS_LoF	HC_LOF	HC_LOF
SMC1B	22	ENSG00000077935	INS	insertion_in_CDS_exon	0.001551	0	AFR_LoF	LC_LOF	LC_LOF
SMC1B	22	ENSG00000077935	INS	insertion_in_CDS_exon	0.001551	0	Human_anyLoF	LC_LOF	LC_LOF
SPATA22	17	ENSG00000141255	DEL	CDS_deletion_14%_of_canonical	0.000517	0	EAS_LoF	HC_LOF	HC_LOF
SPATA22	17	ENSG00000141255	DEL	CDS_deletion_14%_of_canonical	0.000517	0	Human_anyLoF	HC_LOF	HC_LOF
SYCP1	1	ENSG00000198765	DEL	canonical_CDS_exon_deletion	0.03516	7	AFR_LoF	HC_LOF	HC_LOF
SYCP1	1	ENSG00000198765	DEL	canonical_CDS_exon_deletion	0.03516	7	AMR_LoF	HC_LOF	HC_LOF
SYCP1	1	ENSG00000198765	DEL	canonical_CDS_exon_deletion	0.03516	7	Human_anyLoF	HC_LOF	HC_LOF
SYCP1	1	ENSG00000198765	DEL	canonical_CDS_exon_deletion	0.03516	7	Human_commonLoF	HC_LOF	HC_LOF
SYCP1	1	ENSG00000198765	DEL	canonical_CDS_exon_deletion	0.03516	7	Human_homozygousLoF	HC_LOF	HC_LOF
SYCP1	1	ENSG00000198765	DEL	canonical_CDS_exon_deletion	0.03516	7	SAS_LoF	HC_LOF	HC_LOF
