gene	toga:_tested	mao:_tested	human:_tested
ANKRD31	1	0	1
BRCA1	1	0	1
BRIP1	1	0	1
BRME1	1	0	1
C11ORF80	1	0	0
C14ORF39	1	0	0
C1ORF112	1	0	0
CCNB1IP1	1	0	1
CDK2	1	0	1
CHTF18	1	0	1
CNTD1	1	0	1
CUL4A	1	0	1
DMC1	1	0	1
EME1	1	0	1
EME2	1	0	1
ERCC1	1	0	1
ERCC4	1	0	1
EXO1	1	0	1
FANCC	1	0	1
FANCE	1	0	1
FANCM	1	0	1
FIGNL1	1	0	1
FKBP6	1	0	1
GEN1	1	0	1
HELLS	1	1	1
HELQ	1	0	1
HFM1	1	0	1
HORMAD1	1	0	1
HORMAD2	1	0	1
HROB	1	0	1
HSF2BP	1	0	1
HUS1	1	0	1
HUS1B	1	0	1
IHO1	1	0	1
MCM8	1	0	1
MCM9	1	0	1
MCMDC2	1	0	1
MEI1	1	0	1
MEI4	1	0	1
MEIOB	1	0	1
MLH1	1	1	1
MLH3	1	0	1
MND1	1	0	1
MRE11	1	0	1
MSH4	1	0	1
MSH5	1	0	1
MUS81	1	0	1
NBN	1	0	1
PALB2	1	0	1
PLK1	1	0	1
POLB	1	0	1
PRR19	1	0	1
PSMC3IP	1	0	1
RAD1	1	0	1
RAD21	1	0	1
RAD21L1	1	0	1
RAD50	1	0	1
RAD51	1	1	1
RAD51AP1	1	0	1
RAD51AP2	1	0	1
RAD51B	1	0	1
RAD51C	1	0	1
RAD51D	1	1	1
RAD52	1	0	1
RAD54B	1	0	1
RAD54L	1	0	1
RAD9A	1	0	1
RAD9B	1	0	1
RBBP8	1	0	1
REC114	1	0	1
REC8	1	0	1
RNF212	1	0	1
RNF212B	1	0	1
RPA1	1	0	1
RPA2	1	0	1
RPA3	1	0	1
SHOC1	1	0	1
SLX1A	1	0	1
SLX4	1	0	1
SMC1B	1	0	1
SPATA22	1	0	1
SPIDR	1	1	1
SPO11	1	0	1
STAG3	1	0	1
SWSAP1	1	0	1
SYCE2	1	0	1
SYCE3	1	0	1
SYCP1	1	0	1
SYCP2	1	0	1
TEX11	1	0	1
TEX12	1	0	1
TRIP13	1	0	1
XRCC2	1	0	1
ZCWPW1	1	0	1
ZCWPW2	1	1	1
