query_gene	chrom	lineage	status	all_statuses
TEX11	X	ALLENOPITHECUS_NIGROVIRIDIS	PI	PI
TEX11	X	ALLOCHROCEBUS_LHOESTI	I	I
TEX11	X	ALOUATTA_PALLIATA	I	I
TEX11	X	AOTUS_NANCYMAAE	I	I
TEX11	X	AOTUS_VOCIFERANS	I	I
TEX11	X	ATELES_BELZEBUTH	UL	UL
TEX11	X	ATELES_CHAMEK	UL	UL
TEX11	X	ATELES_GEOFFROYI	I	I
TEX11	X	ATELES_PANISCUS	PI	I;PI
TEX11	X	CACAJAO_AYRESI	I	I
TEX11	X	CACAJAO_HOSOMI	I	I
TEX11	X	CALLIMICO_GOELDII	I	I
TEX11	X	CALLITHRIX_JACCHUS	I	I
TEX11	X	CALLITHRIX_PENICILLATA	I	I
TEX11	X	CALLITHRIX_PYGMAEA	PI	PI
TEX11	X	CARLITO_SYRICHTA	I	I
TEX11	X	CEBUS_ALBIFRONS	PM	PM;UL
TEX11	X	CEBUS_CAPUCINUS_IMITATOR	I	I
TEX11	X	CEPHALOPACHUS_BANCANUS	PI	PI
TEX11	X	CERCOCEBUS_ATYS	I	I
TEX11	X	CERCOPITHECUS_ALBOGULARIS	I	I
TEX11	X	CERCOPITHECUS_MONA	I	I
TEX11	X	CERCOPITHECUS_NEGLECTUS	PM	PM
TEX11	X	CHEIROGALEUS_MEDIUS	I	I
TEX11	X	CHERACEBUS_LUCIFER	I	I
TEX11	X	CHERACEBUS_TORQUATUS	I	I
TEX11	X	CHLOROCEBUS_AETHIOPS	PI	PI
TEX11	X	CHLOROCEBUS_SABAEUS	I	I
TEX11	X	COLOBUS_ANGOLENSIS_PALLIATUS	I	I
TEX11	X	COLOBUS_GUEREZA	UL	UL
TEX11	X	DAUBENTONIA_MADAGASCARIENSIS	I	I
TEX11	X	ERYTHROCEBUS_PATAS	PI	I;PI
TEX11	X	EULEMUR_FLAVIFRONS	I	I
TEX11	X	EULEMUR_FULVUS	PI	PI
TEX11	X	EULEMUR_FULVUS_COLLARIS	PI	PI
TEX11	X	EULEMUR_MACACO	I	I
TEX11	X	EULEMUR_MONGOZ	I	I
TEX11	X	GALAGO_MOHOLI	PM	PM
TEX11	X	GALAGO_SENEGALENSIS	PM	PM
TEX11	X	GORILLA_GORILLA	I	I
TEX11	X	GORILLA_GORILLA_GORILLA	I	I
TEX11	X	HOOLOCK_LEUCONEDYS	I	I
TEX11	X	HYLOBATES_AGILIS	PI	PI
TEX11	X	HYLOBATES_MOLOCH	PI	PI
TEX11	X	HYLOBATES_PILEATUS	I	I
TEX11	X	INDRI_INDRI	PI	PI
TEX11	X	LEMUR_CATTA	PI	I;PI
TEX11	X	LEONTOPITHECUS_CHRYSOMELAS	PI	PI
TEX11	X	LEONTOPITHECUS_ROSALIA	PI	PI
TEX11	X	LOPHOCEBUS_ATERRIMUS	I	I
TEX11	X	LORIS_TARDIGRADUS	PI	PI
TEX11	X	MACACA_ARCTOIDES	I	I
TEX11	X	MACACA_ASSAMENSIS	I	I
TEX11	X	MACACA_CYCLOPIS	I	I
TEX11	X	MACACA_FASCICULARIS	I	I
TEX11	X	MACACA_FUSCATA	I	I
TEX11	X	MACACA_LEONINA	I	I
TEX11	X	MACACA_MULATTA	I	I
TEX11	X	MACACA_NEMESTRINA	I	I
TEX11	X	MACACA_NIGRA	I	I
TEX11	X	MACACA_SILENUS	PI	PI
TEX11	X	MACACA_THIBETANA_THIBETANA	I	I
TEX11	X	MANDRILLUS_LEUCOPHAEUS	PI	I;PI
TEX11	X	MANDRILLUS_SPHINX	I	I
TEX11	X	MICROCEBUS_GRISEORUFUS	PI	PI
TEX11	X	MICROCEBUS_MURINUS	I	I
TEX11	X	MICROCEBUS_SP._3_GT-2019	PI	PI
TEX11	X	MICROCEBUS_TAVARATRA	PI	PI
TEX11	X	MIRZA_COQUERELI	PI	PI
TEX11	X	MIRZA_ZAZA	PI	PI
TEX11	X	NASALIS_LARVATUS	PI	PI
TEX11	X	NOMASCUS_LEUCOGENYS	I	I
TEX11	X	NYCTICEBUS_BENGALENSIS	UL	I;UL
TEX11	X	NYCTICEBUS_COUCANG	PM	I;PM
TEX11	X	OTOLEMUR_CRASSICAUDATUS	UL	UL
TEX11	X	OTOLEMUR_GARNETTII	UL	UL
TEX11	X	PAN_PANISCUS	I	I
TEX11	X	PAN_TROGLODYTES	I	I
TEX11	X	PAPIO_ANUBIS	UL	UL
TEX11	X	PAPIO_HAMADRYAS	I	I
TEX11	X	PAPIO_PAPIO	M	M
TEX11	X	PILIOCOLOBUS_TEPHROSCELES	PI	PI
TEX11	X	PITHECIA_MITTERMEIERI	PI	PI
TEX11	X	PITHECIA_PITHECIA	I	I
TEX11	X	PLECTUROCEBUS_BERNHARDI	I	I
TEX11	X	PLECTUROCEBUS_CINERASCENS	I	I
TEX11	X	PLECTUROCEBUS_CUPREUS	I	I
TEX11	X	PLECTUROCEBUS_DONACOPHILUS	PI	PI
TEX11	X	PLECTUROCEBUS_GROVESI	I	I
TEX11	X	PLECTUROCEBUS_MILTONI	I	I
TEX11	X	PLECTUROCEBUS_MOLOCH	I	I
TEX11	X	PONGO_ABELII	I	I
TEX11	X	PONGO_PYGMAEUS	I	I
TEX11	X	PROLEMUR_SIMUS	I	I
TEX11	X	PROPITHECUS_COQUERELI	UL	UL
TEX11	X	PYGATHRIX_NEMAEUS	I	I
TEX11	X	PYGATHRIX_NIGRIPES	UL	UL
TEX11	X	RHINOPITHECUS_BIETI	UL	I;UL
TEX11	X	RHINOPITHECUS_ROXELLANA	I	I
TEX11	X	RHINOPITHECUS_STRYKERI	I	I
TEX11	X	SAGUINUS_IMPERATOR	I	I
TEX11	X	SAGUINUS_MIDAS	I	I
TEX11	X	SAGUINUS_OEDIPUS	I	I
TEX11	X	SAIMIRI_BOLIVIENSIS	UL	UL
TEX11	X	SAIMIRI_BOLIVIENSIS_BOLIVIENSIS	UL	I;UL
TEX11	X	SAPAJUS_APELLA	UL	PI;UL
TEX11	X	SEMNOPITHECUS_ENTELLUS	PM	PM
TEX11	X	SYMPHALANGUS_SYNDACTYLUS	I	I
TEX11	X	THEROPITHECUS_GELADA	I	I
TEX11	X	TRACHYPITHECUS_FRANCOISI	UL	UL
TEX11	X	TRACHYPITHECUS_GERMAINI	I	I
TEX11	X	TRACHYPITHECUS_PHAYREI_CREPUSCULA	I	I
TEX11	X	VARECIA_VARIEGATA	I	I
