gene	chrom	GGO	HSA	PAB	PPA	PPY	PTR	Pan	Pongo	SSY
1433E	CM055450.2	1	0	0	0	0	0	0	0	0
1433T	CM055495.2	0	0	0	1	0	0	0	0	0
4EBP3	CM055488.2	0	0	0	1	0	0	0	0	0
6PGD	CM054446.2	0	0	0	0	0	1	0	0	0
A1AT	CM055461.2	1	0	0	0	0	0	0	0	0
A8MQT7	CM055495.2	0	0	0	1	0	0	0	0	0
AB17A	CM068906.1	0	0	0	0	0	0	1	0	0
ABCC6	16	0	1	0	0	0	0	0	0	0
AC005670	17	0	1	0	0	0	0	0	0	0
AC007326	22	0	1	0	0	0	0	0	0	0
AC008687	19	0	1	0	0	0	0	0	0	0
AC091057	15	0	1	0	0	0	0	0	0	0
AC098850	17	0	1	0	0	0	0	0	0	0
AC104472	3	0	1	0	0	0	0	0	0	0
AC134980	15	0	1	0	0	0	0	0	0	0
AC138969	16	0	1	0	0	0	0	0	0	0
AC242842	1	0	1	0	0	0	0	0	0	1
ACAP1	CM054442.2	0	0	0	0	0	0	1	0	0
ACKR4	3	0	1	0	0	0	0	0	0	0
ACOT1	14	0	1	0	0	0	0	0	0	0
ACTB	CM055485.2	0	0	0	1	0	0	0	0	0
ACTR3B	7	0	1	0	0	0	0	0	0	0
AEN	CM054533.2	0	0	0	0	0	0	0	0	1
AG1L2	CM054442.2	0	0	0	0	0	1	0	0	0
AGAP6	10	1	1	0	0	0	0	0	0	0
AGAP9	10	0	1	0	0	0	0	0	0	0
AGRA3	CM055489.2	0	0	0	1	0	0	0	0	0
AK17A	CM055495.2	0	0	0	1	0	0	0	0	0
AK1C2	CM055480.2	0	0	0	1	0	0	0	0	0
AKAP17A	CM055495.2	0	0	0	1	0	0	0	0	0
AL1B1	CM055459.2	1	0	0	0	0	0	0	0	0
AL583836	10	0	1	0	0	0	0	0	0	0
ALG1	CM055455.2	1	0	0	0	0	0	0	0	0
ALPG	CM055457.2	1	0	0	0	0	0	0	0	0
AMACR	CM055463.2	1	0	0	0	0	0	0	0	0
AMRP	CM055462.2	1	0	0	0	0	0	0	0	0
AMY1A	1	0	1	0	0	0	0	0	0	0
AMY1B	1	0	1	0	0	0	0	0	0	0
AMY2A	1	0	1	0	0	0	0	0	0	0
AMYP	CM054630.2	0	0	0	0	0	0	0	1	0
AN18A	CM055460.2	1	0	0	0	0	0	0	0	0
AN20B	CM054446.2	0	0	0	0	0	0	1	0	0
AN30A	CM054528.2	0	0	0	0	0	0	0	0	1
AN36A	CM068908.1	0	0	0	0	0	0	0	1	0
ANAPC1	2	0	1	0	0	0	0	0	0	0
ANKRD20A1	9	0	1	0	0	0	0	0	0	0
ANKRD20A3P	9	0	1	0	0	0	0	0	0	0
ANKRD20A4P	9	0	1	0	0	0	0	0	0	0
ANKRD30B	18	0	1	0	0	0	0	0	0	0
ANKRD36B	CM054642.2	0	0	0	0	1	0	0	0	0
ANKRD36C	2	0	1	0	0	0	0	0	0	0
ANM7	CM054639.2	0	0	0	0	0	0	0	1	0
ANO8	CM054533.2	0	0	0	0	0	0	0	0	1
ANP32E	CM054630.2	0	0	0	0	0	0	0	1	0
ANTXRL	CM054687.2	0	0	1	0	0	0	0	0	0
ANXA2R	CM054524.2	0	0	0	0	0	0	0	0	1
ANXA8	10	0	1	0	0	0	0	0	0	0
AOXA	CM055457.2	1	0	0	0	0	0	0	0	0
APBB1	CM054646.2	0	0	0	0	0	0	0	1	0
APOBEC3H	CM054526.2	0	0	0	0	0	0	0	0	1
APOBR	CM055490.2	0	0	0	1	0	0	0	0	0
APOC1	CM054650.2	0	0	0	0	1	0	0	0	0
AQP10	1	0	1	0	0	0	0	0	0	0
AQP7B	CM054446.2	0	0	0	0	0	1	0	0	0
ARF1	CM054528.2	0	0	0	0	0	0	0	0	1
ARG28	CM054530.2	0	0	0	0	0	0	0	0	1
ARHGAP11B	15	0	1	0	0	0	0	0	0	0
ARHGEF35	7	0	1	0	0	0	0	0	0	0
ARHGP	CM055454.2	1	0	0	0	0	0	0	0	0
ARL17B	17	0	1	0	0	0	0	0	0	0
ASSY	CM054439.2	0	0	0	0	0	1	0	0	0
AT8A2	CM054644.2	0	0	0	0	0	0	0	1	0
ATD3B	CM054530.2	0	0	0	0	0	0	0	0	1
ATP9A	CM068844.1	0	0	1	0	0	0	0	0	0
AUTS2	CM055452.2	1	0	0	0	0	0	0	0	0
BACD3	CM055454.2	1	0	0	0	0	0	0	0	0
BAK	CM054693.2	0	0	1	0	0	0	0	0	0
BANP	16	0	1	0	0	0	0	0	0	0
BBC3B	CM054635.2	0	0	0	0	1	0	0	0	0
BCL2L14	12	0	1	0	0	0	0	0	0	0
BCL9	CM055476.2	0	0	0	1	0	0	0	0	0
BET1L	11	0	1	0	0	0	0	0	0	0
BFAR	CM055464.2	1	0	0	0	0	0	0	0	0
BIRC8	CM054691.2	0	0	1	0	0	0	0	0	0
BMI1	CM054441.2	0	0	0	0	0	1	0	0	0
BMP8A	1	0	1	0	0	0	0	0	0	0
BOLA2	16	0	1	0	0	0	0	0	0	0
BOLA2B	16	0	1	0	0	0	0	0	0	0
BPTF	CM054649.2	0	0	0	0	1	0	0	0	0
BPY2B	Y	0	1	0	0	0	0	0	0	0
BRCC3	CM054634.2	0	0	0	0	0	0	0	1	0
BRD4	CM068905.1	0	0	0	0	0	0	1	0	0
BRD9	CM054434.2	0	0	0	0	0	1	0	0	0
BTF3	CM054447.2	0	0	0	0	0	1	0	0	0
BX664615	9	0	1	0	0	0	0	0	0	0
C1D	CM054521.2	0	0	0	0	0	0	0	0	1
C1QT4	CM055463.2	1	0	0	0	0	0	0	0	0
C1TM	CM054446.2	0	0	0	0	0	0	1	0	0
C2G1P	CM054454.2	0	0	0	0	0	1	0	0	0
C4BPA	CM055472.2	0	0	0	1	0	0	0	0	0
CA13	CM054686.2	0	0	1	0	0	0	0	0	0
CA5BL	CM054653.2	0	0	0	0	1	0	0	0	0
CAH6	CM054637.2	0	0	0	0	0	0	0	1	0
CAPN8	CM054520.2	0	0	0	0	0	0	0	0	1
CASP	CM054440.2	0	0	0	0	0	0	1	0	0
CASPC	CM054639.2	0	0	0	0	0	0	0	1	0
CASTOR2	7	0	1	0	0	0	0	0	0	0
CAZA1	CM054690.2	0	0	1	0	0	0	0	0	0
CBWD1	CM054439.2	0	0	0	0	0	0	1	0	0
CBWD3	9	0	1	0	0	0	0	0	0	0
CBWD5	CM055490.2	0	0	0	1	0	0	0	0	0
CBWD6	9	0	1	0	0	0	0	0	0	0
CBX7	CM054635.2	0	0	0	0	0	0	0	1	0
CC116	CM055483.2	0	0	0	1	0	0	0	0	0
CCD14	CM055458.2	1	0	0	0	0	0	0	0	0
CCD32	CM054684.2	0	0	1	0	0	0	0	0	0
CCD92	CM054447.2	0	0	0	0	0	0	1	0	0
CCDC74B	CM054447.2	0	0	0	0	0	1	0	0	0
CCL25	CM054517.2	0	0	0	0	0	0	0	0	1
CCL4L2	17	0	1	0	0	0	0	0	0	0
CCNJL	CM055446.2	1	0	0	0	0	0	0	0	0
CCNQ	CM054634.2	0	0	0	0	0	0	0	1	0
CD11B	CM054679.2	0	0	1	0	0	0	0	0	0
CD209	CM054702.2	0	0	1	0	0	0	0	0	0
CD33	CM055466.2	1	0	0	0	0	0	0	0	0
CD8B2	2	0	1	0	0	0	0	0	0	0
CD99	CM055495.2	0	0	0	1	0	0	0	0	0
CDC14C	CM054440.2	0	0	0	0	0	1	0	0	0
CDK11A	1	0	1	0	0	0	0	0	0	0
CDY1	Y	0	1	1	0	0	0	0	0	0
CEP20	CM054648.2	0	0	0	0	0	0	0	1	0
CES2	CM055464.2	1	0	0	0	0	0	0	0	0
CFC1B	2	0	1	0	0	0	0	0	0	0
CHAP1	CM054446.2	0	0	0	0	0	0	1	0	0
CIC	CM054633.2	0	0	0	0	1	0	0	0	0
CING	CM055458.2	1	0	0	0	0	0	0	0	0
CISD2	4	0	1	0	0	0	0	0	0	0
CKS1	CM055495.2	0	0	0	1	0	0	0	0	0
CLASR	CM054688.2	0	0	1	0	0	0	0	0	0
CLCKB	CM054679.2	0	0	1	0	0	0	0	0	0
CLD10	CM054523.2	0	0	0	0	0	0	0	0	1
CLEC18A	16	0	1	0	1	0	0	0	0	0
CLEC18B	16	0	1	0	0	0	1	0	0	0
CLN3	CM054452.2	0	0	0	0	0	0	1	0	0
CNN2	CM055480.2	0	0	0	1	0	0	0	0	0
CNO10	CM055464.2	1	0	0	0	0	0	0	0	0
CNTNAP3	CM054643.2	0	0	0	0	1	0	0	0	0
CNTNAP3B	9	0	1	0	0	0	0	0	0	0
CNTP4	CM054641.2	0	0	0	0	0	0	0	1	0
COBA1	CM054703.2	0	0	1	0	0	0	0	0	0
COBA2	CM055464.2	1	0	0	0	0	0	0	0	0
COG7	CM054648.2	0	0	0	0	0	0	0	1	0
COMMD1	CM054522.2	0	0	0	0	0	0	0	0	1
COMMD4	CM054513.2	0	0	0	0	0	0	0	0	1
COTL1	CM054453.2	0	0	0	0	0	0	1	0	0
COX10	CM055491.2	0	0	0	1	0	0	0	0	0
COX11	CM054635.2	0	0	0	0	1	0	0	0	0
COX5A	CM054513.2	0	0	0	0	0	0	0	0	1
CP250	CM054648.2	0	0	0	0	0	0	0	1	0
CP2D6	CM068844.1	0	0	1	0	0	0	0	0	0
CP2F1	CM055492.2	0	0	0	1	0	0	0	0	0
CP3A4	CM055452.2	1	0	0	0	0	0	0	0	0
CP3A5	CM055452.2	1	0	0	0	0	0	0	0	0
CP3A7	CM054636.2	0	0	0	0	1	0	0	0	0
CP7B1	CM054637.2	0	0	0	0	0	0	0	1	0
CPLN1	CM055465.2	1	0	0	0	0	0	0	0	0
CPSF6	CM055482.2	0	0	0	1	0	0	0	0	0
CREG2	CM054642.2	0	0	0	0	0	0	0	1	0
CSAG2	CM054533.2	0	0	0	0	0	0	0	0	1
CSF2	CM054534.2	0	0	0	0	0	0	0	0	1
CST1	CM054651.2	0	0	0	0	0	0	0	1	0
CT453	CM054702.2	0	0	1	0	0	0	0	0	0
CT456	CM055469.2	1	0	0	0	0	0	0	0	0
CT45A	CM055495.2	0	0	0	1	0	0	0	0	0
CT45A1	X	0	1	0	1	0	0	0	0	0
CT45A3	X	0	1	0	0	0	0	0	0	0
CT45A6	CM054702.2	0	0	1	0	0	0	0	0	0
CT45A7	X	0	1	0	0	0	0	0	0	0
CT47A	CM054653.2	0	0	0	0	0	0	0	1	0
CT47A1	X	0	1	0	0	0	0	0	0	0
CT47A2	X	0	1	0	0	0	0	0	0	0
CT47A3	X	0	1	0	0	0	0	0	0	0
CT47A4	X	0	1	0	0	0	0	0	0	0
CT47A5	X	0	1	0	0	0	0	0	0	0
CT47A6	X	0	1	0	0	0	0	0	0	0
CT47A7	CM054653.2	0	0	0	0	0	0	0	1	0
CTAGE15	7	0	1	0	0	0	0	0	1	0
CTAGE4	7	0	1	0	0	0	0	0	0	0
CTAGE9	6	0	1	0	0	0	0	0	0	0
CTCF	CM055466.2	1	0	0	0	0	0	0	0	0
CTGEF	CM054644.2	0	0	0	0	0	0	0	1	0
CXAR	CM055462.2	1	0	0	0	0	0	0	0	0
CXCL8	CM054633.2	0	0	0	0	1	0	0	0	0
CXXC5	CM055478.2	0	0	0	1	0	0	0	0	0
CYP2A6	19	0	1	0	0	0	0	0	0	0
CYP2C18	10	0	1	0	0	0	0	0	0	0
CYTN	CM054651.2	0	0	0	0	0	0	0	1	0
CYTSA	CM068908.1	0	0	0	0	0	0	0	1	0
CYTT	CM054700.2	0	0	1	0	0	0	0	0	0
D19P2	CM054636.2	0	0	0	0	0	0	0	1	0
DACT2	CM054455.2	0	0	0	0	0	1	0	0	0
DAPK1	CM055459.2	1	0	0	0	0	0	0	0	0
DAZ3	CM054654.2	0	0	0	0	1	0	0	0	0
DAZ4	CM054654.2	0	0	0	0	1	0	0	0	0
DB125	CM055483.2	0	0	0	1	0	0	0	0	0
DB134	CM055479.2	0	0	0	1	0	0	0	0	0
DCR1C	CM054441.2	0	0	0	0	0	0	1	0	0
DDT	CM068844.1	0	0	1	0	0	0	0	0	0
DDX11	CM054444.2	0	0	0	0	0	0	1	0	0
DDX18	CM055477.2	0	0	0	1	0	0	0	0	0
DDX50	CM054687.2	0	0	1	0	0	0	0	0	0
DEF3	CM054686.2	0	0	1	0	0	0	0	0	0
DEFA1B	8	0	1	0	0	0	0	0	0	0
DEFA3	CM054686.2	0	0	1	0	0	0	0	0	0
DEFB103B	8	0	1	0	0	0	0	0	0	0
DEFB104A	8	0	1	0	0	0	0	0	0	0
DEFB105A	8	0	1	0	0	0	0	0	0	0
DEFB106B	8	0	1	0	0	0	0	0	0	0
DEFB107A	8	0	1	0	0	0	0	0	0	0
DEFB4A	8	0	1	0	0	0	0	0	0	0
DERPC	CM055466.2	1	0	0	0	0	0	0	0	0
DGCR6L	CM068844.1	0	0	1	0	0	0	0	0	0
DHB7	CM054442.2	0	0	0	0	0	0	1	0	0
DHRS4L2	14	0	1	0	0	0	0	0	0	0
DHRS7	CM055461.2	1	0	0	0	0	0	0	0	0
DHRSX	Y	0	1	0	1	0	0	0	0	0
DHX40	CM055450.2	1	0	0	0	0	0	0	0	0
DMP34	CM054695.2	0	0	1	0	0	0	0	0	0
DMP46	CM054695.2	0	0	1	0	0	0	0	0	0
DMRTC1	X	0	1	0	0	0	0	0	0	0
DNJC9	CM054455.2	0	0	0	0	0	0	1	0	0
DOK7	CM055470.2	1	0	0	0	0	0	0	0	0
DPF3	CM054650.2	0	0	0	0	0	0	0	1	0
DPH6	15	0	1	0	0	0	0	0	0	0
DRB4	CM055451.2	1	0	0	0	0	0	0	0	0
DREB	CM055452.2	1	0	0	0	0	0	0	0	0
DRICH1	CM068908.1	0	0	0	0	0	0	0	1	0
DTX1	CM054440.2	0	0	0	0	0	1	0	0	0
DTX2	CM054440.2	0	0	0	0	0	0	1	0	0
DUS11	CM054522.2	0	0	0	0	0	0	0	0	1
DUS7	CM055450.2	1	0	0	0	0	0	0	0	0
DUSP11	CM054522.2	0	0	0	0	0	0	0	0	1
DUSP22	16	0	1	0	0	0	0	0	0	0
DUX4C	CM068905.1	0	0	0	0	0	1	0	0	0
DYH11	CM055482.2	0	0	0	1	0	0	0	0	0
DYL1	CM055490.2	0	0	0	1	0	0	0	0	0
E2F5	CM054686.2	0	0	1	0	0	0	0	0	0
ECH1	CM054699.2	0	0	1	0	0	0	0	0	0
EF1G	CM055452.2	1	0	0	0	0	0	0	0	0
EFC1	CM055477.2	0	0	0	1	0	0	0	0	0
EFL1	CM054450.2	0	0	0	0	0	0	1	0	0
EIF3C	CM054452.2	0	0	0	0	0	0	1	0	0
EIF3CL	CM054452.2	0	0	0	0	0	0	1	0	0
EIF4A3	CM054453.2	0	0	0	0	0	1	0	0	0
EIF5AL1	CM054442.2	0	0	0	0	0	1	0	0	0
ELOA2	CM054696.2	0	0	1	0	0	0	0	0	0
ENK19	CM054509.2	0	0	0	0	0	0	0	0	1
ENK8	CM054521.2	0	0	0	0	0	0	0	0	1
ENPP2	CM055492.2	0	0	0	1	0	0	0	0	0
EPM2A	CM054648.2	0	0	0	0	1	0	0	0	0
ERF3A	CM055490.2	0	0	0	1	0	0	0	0	0
ERR1	CM054641.2	0	0	0	0	0	0	0	1	0
ESX1	CM054533.2	0	0	0	0	0	0	0	0	1
F106A	CM054453.2	0	0	0	0	0	0	1	0	0
F106C	CM055491.2	0	0	0	1	0	0	0	0	0
F10A1	CM054516.2	0	0	0	0	0	0	0	0	1
F131C	CM054679.2	0	0	1	0	0	0	0	0	0
F157B	CM054451.2	0	0	0	0	0	0	1	0	0
F182A	CM054649.2	0	0	0	0	0	0	0	1	0
F185A	CM054440.2	0	0	0	0	0	0	1	0	0
F231L	CM055472.2	0	0	0	1	0	0	0	0	0
F246C	CM068951.1	1	0	0	0	0	0	0	0	0
F8	X	0	1	0	0	0	0	0	0	0
F86B1	CM054442.2	0	0	0	0	0	1	0	0	0
F90A3	CM055481.2	0	0	0	1	0	0	0	0	0
F90A5	CM055453.2	1	0	0	0	0	0	0	0	0
F90AP	CM054441.2	0	0	0	0	0	0	1	0	0
FA47A	CM054654.2	0	0	0	0	1	0	0	0	0
FA76B	CM054522.2	0	0	0	0	0	0	0	0	1
FACD2	CM054529.2	0	0	0	0	0	0	0	0	1
FAHD1	CM054452.2	0	0	0	0	0	0	1	0	0
FAHD2A	CM054691.2	0	0	1	0	0	0	0	0	0
FAM153A	5	1	1	0	0	0	0	0	0	0
FAM25A	CM054687.2	0	0	1	0	0	0	0	0	0
FAM25G	10	0	1	0	0	0	0	0	0	0
FAM72B	1	0	1	0	0	0	0	0	0	0
FAM72C	1	0	1	0	0	0	0	0	0	0
FAM72D	1	0	1	0	0	0	0	0	0	0
FAM7A	15	0	1	0	0	0	0	0	0	0
FAM86B1	CM055449.2	1	0	0	0	0	0	0	0	0
FAM86B2	CM055453.2	1	0	0	0	0	0	0	0	0
FAM95C	CM055458.2	1	0	0	0	0	0	0	0	0
FBW1B	CM054453.2	0	0	0	0	0	1	0	0	0
FCG3B	CM054434.2	0	0	0	0	0	1	0	0	0
FCGR1B	1	0	1	0	0	0	0	0	0	0
FCGR3B	1	0	1	0	0	0	0	0	0	0
FDXR	CM054522.2	0	0	0	0	0	0	0	0	1
FEM1A	CM055460.2	1	0	0	0	0	0	0	0	0
FGF7	CM055462.2	1	0	0	0	0	0	0	0	0
FGFR3	CM055470.2	1	0	0	0	0	0	0	0	0
FKB1A	CM055485.2	0	0	0	1	0	0	0	0	0
FKBP6	CM055478.2	0	0	0	1	0	0	0	0	0
FKBP9	CM055452.2	1	0	0	0	0	0	0	0	0
FM25C	CM054687.2	0	0	1	0	0	0	0	0	0
FMN2	CM068908.1	0	0	0	0	1	0	0	0	0
FO681492	10	0	1	0	0	0	0	0	0	0
FOH1B	CM054443.2	0	0	0	0	0	1	0	0	0
FOXD4L1	CM054447.2	0	0	0	0	0	1	0	0	0
FOXO3B	17	1	1	0	0	0	0	0	0	0
FRG2	4	0	1	0	0	0	0	0	0	0
FRG2C	22	0	1	0	0	0	0	0	0	1
FRMPD2	10	0	1	0	0	0	0	0	0	0
FSCB	CM055495.2	0	0	0	1	0	0	0	0	0
FSCN2	CM054646.2	0	0	0	0	0	0	0	1	0
FWCH1	CM054533.2	0	0	0	0	0	0	0	0	1
FX4L1	CM054447.2	0	0	0	0	0	1	0	0	0
G2E3	CM068843.1	0	0	1	0	0	0	0	0	0
G3ST3	CM055482.2	0	0	0	1	0	0	0	0	0
GAGE1	X	0	1	0	1	0	0	0	0	0
GAGE12C	X	0	1	0	0	0	0	0	0	0
GAGE12D	X	0	1	0	0	0	0	0	0	0
GAGE12F	X	0	1	0	0	0	0	0	0	0
GAGE12G	X	0	1	0	0	0	0	0	0	0
GAGE12H	X	0	1	0	0	0	0	0	0	0
GAGE12J	X	0	1	0	0	0	0	0	0	0
GAGE13	X	0	1	0	0	0	0	0	0	0
GAGE2A	X	0	1	0	0	0	0	0	0	0
GBA3	CM054524.2	0	0	0	0	0	0	0	0	1
GCC1	CM054650.2	0	0	0	0	0	0	0	1	0
GCC2	CM054642.2	0	0	0	0	0	0	0	1	0
GELS	CM055483.2	0	0	0	1	0	0	0	0	0
GG6L9	CM054513.2	0	0	0	0	0	0	0	0	1
GG6LS	CM055488.2	0	0	0	1	0	0	0	0	0
GGA2	CM054688.2	0	0	1	0	0	0	0	0	0
GGT2	22	0	1	0	0	0	1	0	0	0
GGT6	CM068906.1	0	0	0	0	0	0	1	0	0
GGTLC2	CM068906.1	0	0	0	0	0	1	0	0	0
GJA1	CM055477.2	0	0	0	1	0	0	0	0	0
GLO2	CM054452.2	0	0	0	0	0	0	1	0	0
GLPK	CM054457.2	0	0	0	0	0	0	1	0	0
GLRX3	CM054434.2	0	0	0	0	0	0	1	0	0
GLTL6	CM055478.2	0	0	0	1	0	0	0	0	0
GLUD2	CM054653.2	0	0	0	0	0	0	0	1	0
GLYG2	CM054654.2	0	0	0	0	0	0	0	1	0
GNA11	CM055458.2	1	0	0	0	0	0	0	0	0
GOG6B	CM054646.2	0	0	0	0	0	0	0	1	0
GOG6D	CM054646.2	0	0	0	0	0	0	0	1	0
GOG8F	CM054646.2	0	0	0	0	1	0	0	0	0
GOG8H	CM054646.2	0	0	0	0	0	0	0	1	0
GOLGA6A	15	0	1	0	0	0	0	0	1	0
GOLGA6B	15	0	1	0	0	0	0	0	0	0
GOLGA6C	15	0	1	0	0	0	0	0	0	0
GOLGA6L1	15	0	1	0	0	0	0	0	1	0
GOLGA6L22	15	0	1	0	0	1	0	0	0	0
GOLGA6L4	15	0	1	0	1	0	0	0	0	0
GOLGA6L6	CM054646.2	0	0	0	0	0	0	0	1	0
GOLGA8F	15	0	1	0	0	1	0	0	0	0
GOLGA8G	15	0	1	1	0	0	0	0	0	0
GOLGA8H	15	0	1	0	0	1	0	0	0	0
GOLGA8K	15	0	1	0	0	0	0	0	0	0
GOLGA8N	15	0	1	0	0	0	0	0	0	0
GOLGA8O	15	0	1	0	0	0	0	0	1	0
GOLGA8R	CM054646.2	0	0	0	0	1	0	0	0	0
GOLGA8S	15	0	1	0	0	0	0	0	0	0
GOLGA8T	15	0	1	0	0	0	0	0	0	0
GPR89B	1	0	1	0	0	0	0	0	0	0
GPRIN2	10	0	1	0	0	0	0	0	0	0
GRAP	CM054434.2	0	0	0	0	0	0	1	0	0
GRM5	CM055455.2	1	0	0	0	0	0	0	0	0
GSTT1	CM068945.1	0	0	0	1	0	0	0	0	0
GTF2H2	5	0	1	0	0	0	0	0	0	0
GTF2IRD2	7	0	1	0	0	0	0	0	0	0
GTPBP6	CM055496.2	0	0	0	1	0	0	0	0	0
GUSB	CM054636.2	0	0	0	0	0	0	0	1	0
H2AZ	CM068907.1	0	0	0	0	1	0	0	0	0
H2BW2	CM054702.2	0	0	1	0	0	0	0	0	0
H3-2	1	0	1	0	0	0	0	0	0	0
HBAZ	CM054697.2	0	0	1	0	0	0	0	0	0
HBZ	16	0	1	0	0	0	0	0	0	0
HEATR6	CM054649.2	0	0	0	0	0	0	0	1	0
HIC2	CM068945.1	0	0	0	1	0	0	0	0	0
HIG1A	CM054443.2	0	0	0	0	0	0	1	0	0
HLA-DRB5	CM055451.2	1	0	0	0	0	0	0	0	0
HMGB3	CM055483.2	0	0	0	1	0	0	0	0	0
HMGN2	CM054450.2	0	0	0	1	0	0	1	0	0
HMR1	CM054630.2	0	0	0	0	1	0	0	0	0
HORN	CM054690.2	0	0	1	0	0	0	0	0	0
HSFX1	X	0	1	0	0	0	0	0	0	0
HSFY2	Y	0	1	0	0	1	0	0	0	0
HSP74	CM054531.2	0	0	0	0	0	0	0	0	1
HSP7C	CM055486.2	0	0	0	1	0	0	0	0	0
HYAS2	CM054440.2	0	0	0	0	0	0	1	0	0
HYDIN	16	0	1	0	0	0	0	0	0	0
I11RA	CM054517.2	0	0	0	0	0	0	0	0	1
ICAM2	CM054453.2	0	0	0	0	0	0	1	0	0
ICAM5	CM054649.2	0	0	0	0	0	0	0	1	0
ICLN	CM055480.2	0	0	0	1	0	0	0	0	0
IF4A3	CM054453.2	0	0	0	0	0	0	1	0	0
IF4B	CM055487.2	0	0	0	1	0	0	0	0	0
IF5A1	CM054442.2	0	0	0	0	0	1	0	0	0
IGF2	CM055482.2	0	0	0	1	0	0	0	0	0
IGHE	CM054449.2	0	0	0	0	0	1	0	0	0
IGLC1	CM054526.2	0	0	0	0	0	0	0	0	1
IGLL1	CM068951.1	1	0	0	0	0	0	0	0	0
IKBKG	X	0	1	0	0	0	0	0	0	0
IL1RL1	CM055484.2	0	0	0	1	0	0	0	0	0
IL32	CM054648.2	0	0	0	0	0	0	0	1	0
IL36B	CM054633.2	0	0	0	0	1	0	0	0	0
IL3RA	CM055495.2	0	0	0	1	0	0	0	0	0
IL9R	Y	0	1	0	0	0	0	0	0	0
INSR	CM054638.2	0	0	0	0	1	0	0	0	0
INT4	CM054440.2	0	0	0	0	0	0	1	0	0
IQSEC3	12	0	1	0	0	0	0	0	0	0
ISY1-RAB43	3	0	1	0	0	0	0	0	0	0
IT70A	CM054516.2	0	0	0	0	0	0	0	0	1
IT70B	CM054641.2	0	0	0	0	1	0	0	0	0
ITGB3BP	1	0	1	0	0	0	0	0	0	0
ITLN1	CM055446.2	1	0	0	0	0	0	0	0	0
IWS1	CM068907.1	0	0	0	0	1	0	0	0	0
JADE3	CM054522.2	0	0	0	0	0	0	0	0	1
K1C10	CM054528.2	0	0	0	0	0	0	0	0	1
K1C14	CM054528.2	0	0	0	0	0	0	0	0	1
K1C15	CM055491.2	0	0	0	1	0	0	0	0	0
K2C8	CM055483.2	0	0	0	1	0	0	0	0	0
KAD5	CM054654.2	0	0	0	0	1	0	0	0	0
KALM	CM054703.2	0	0	1	0	0	0	0	0	0
KANK4	CM054455.2	0	0	0	0	0	0	1	0	0
KANL1	CM055450.2	1	0	0	0	0	0	0	0	0
KBP	CM055496.2	0	0	0	1	0	0	0	0	0
KCJ12	CM055450.2	1	0	0	0	0	0	0	0	0
KCMB3	CM068906.1	0	0	0	0	0	1	0	0	0
KCNJ18	CM055450.2	1	0	0	0	0	0	0	0	0
KCNQ5	CM054522.2	0	0	0	0	0	0	0	0	1
KCTD5	CM054648.2	0	0	0	0	0	0	0	1	0
KCTD9	CM054453.2	0	0	0	0	0	0	1	0	0
KDM8	CM055464.2	1	0	0	0	0	0	0	0	0
KI2S2	CM054521.2	0	0	0	0	0	0	0	0	1
KI3L3	CM055466.2	1	0	0	0	0	0	0	0	0
KIAA0040	CM054527.2	0	0	0	0	0	0	0	0	1
KIF27	CM054643.2	0	0	0	0	1	0	0	0	0
KIR3DL1	19	0	1	0	0	0	0	0	0	0
KLF7	CM054434.2	0	0	0	0	0	0	1	0	0
KLH21	CM055484.2	0	0	0	1	0	0	0	0	0
KLHL2	4	0	1	0	0	0	0	0	0	0
KPRP	CM068907.1	0	0	0	0	1	0	0	0	0
KR105	CM054630.2	0	0	0	0	1	0	0	0	0
KRA41	CM054456.2	0	0	0	0	0	1	0	0	0
KRA52	CM055455.2	1	0	0	0	0	0	0	0	0
KT33B	CM054689.2	0	0	1	0	0	0	0	0	0
KVD28	CM054446.2	0	0	0	0	0	1	0	0	0
LANC1	CM054533.2	0	0	0	0	0	0	0	0	1
LAT1N	CM054452.2	0	0	0	0	0	0	1	0	0
LDH6B	CM054510.2	0	0	0	0	0	0	0	0	1
LEG9C	CM055491.2	0	0	0	1	0	0	0	0	0
LGALS9C	17	1	1	0	0	0	0	0	0	0
LILRA1	19	0	1	0	0	0	0	0	0	0
LIMS3	2	0	1	0	0	0	0	0	0	0
LIMS4	CM054691.2	0	0	1	0	0	0	0	0	0
LINC02203	15	0	1	0	0	0	0	0	0	0
LITAF	CM054648.2	0	0	0	0	0	0	0	1	0
LMAN1	CM054530.2	0	0	0	0	0	0	0	0	1
LMBR1	CM055446.2	1	0	0	0	0	0	0	0	0
LMLN	CM054513.2	0	0	0	0	0	0	0	0	1
LORF1	CM055480.2	0	0	0	1	0	0	0	0	0
LR75B	CM068908.1	0	0	0	0	1	0	0	0	0
LRRC37A	17	0	1	0	0	0	0	0	0	0
LRRC37A3	17	0	1	0	0	0	0	0	0	0
LRRF2	CM068905.1	0	0	0	0	0	1	0	0	0
LYSC	CM054642.2	0	0	0	0	0	0	0	1	0
M4A6A	CM054639.2	0	0	0	0	0	0	0	1	0
MAGAB	CM055495.2	0	0	0	1	0	0	0	0	0
MAGB4	CM054653.2	0	0	0	0	0	0	0	1	0
MAGBI	CM054702.2	0	0	1	0	0	0	0	0	0
MAGC1	CM054653.2	0	0	0	0	0	0	0	1	0
MAGEA9	CM054653.2	0	0	0	0	1	0	0	0	0
MALL	2	0	1	0	0	0	0	0	0	0
MALR1	CM068906.1	0	0	0	0	0	1	0	0	0
MAPKBP1	CM054450.2	0	0	0	1	0	0	1	0	0
MATR3	CM055472.2	0	0	0	1	0	0	0	0	0
MBD1	CM055492.2	0	0	0	1	0	0	0	0	0
MCTP2	CM054646.2	0	0	0	0	0	0	0	1	0
MED8	CM054640.2	0	0	0	0	1	0	0	0	0
MEIG1	CM054442.2	0	0	0	0	0	0	1	0	0
MEIOB	CM055490.2	0	0	0	1	0	0	0	0	0
MERB1	CM054697.2	0	0	1	0	0	0	0	0	0
METTL2B	CM054440.2	0	0	0	0	0	0	1	0	0
MF14C	CM054445.2	0	0	0	0	0	0	1	0	0
MGN2	CM055487.2	0	0	0	1	0	0	0	0	0
MICA	6	0	1	0	0	0	0	0	1	0
MIPEP	CM054644.2	0	0	0	0	0	0	0	1	0
MIX23	CM054647.2	0	0	0	0	0	0	0	1	0
MKRN1	CM054526.2	0	0	0	0	0	0	0	0	1
MMP23	CM054630.2	0	0	0	0	0	0	0	1	0
MORC2	CM055492.2	0	0	0	1	0	0	0	0	0
MORC4	CM054650.2	0	0	0	0	0	0	0	1	0
MORN3	CM068950.1	1	0	0	0	0	0	0	0	0
MOST1	CM068950.1	1	0	0	0	0	0	0	0	0
MPP8	CM055462.2	1	0	0	0	0	0	0	0	0
MPV17	CM055478.2	0	0	0	1	0	0	0	0	0
MRGPRX1	11	0	1	0	0	0	0	0	0	0
MRPS10	6	0	1	0	0	0	0	0	0	0
MRPS23	CM054528.2	0	0	0	0	0	0	0	0	1
MRT4	CM054530.2	0	0	0	0	0	0	0	0	1
MSTRG	16	1	1	0	1	0	0	0	1	1
MT21A	CM054510.2	0	0	0	0	0	0	0	0	1
MTMR9	CM054635.2	0	0	0	0	1	0	0	0	0
MUC1	CM068843.1	0	0	1	0	0	0	0	0	0
MUC2	CM068907.1	0	0	0	0	0	0	0	1	0
MUC20	CM068907.1	0	0	0	0	0	0	0	1	0
MUC3A	CM054533.2	0	0	0	0	0	0	0	0	1
MUC4	CM068907.1	0	0	0	0	0	0	0	1	0
MYLK2	CM068905.1	0	0	0	0	0	1	0	0	0
MYO19	CM054649.2	0	0	0	0	0	0	0	1	0
MYO5B	CM068906.1	0	0	0	0	0	1	0	0	0
MYP2	CM054528.2	0	0	0	0	0	0	0	0	1
MZT2B	2	0	1	0	0	0	0	0	0	0
NAIP	5	0	1	0	0	0	0	0	0	0
NALD2	CM055455.2	1	0	0	0	0	0	0	0	0
NANOGP8	15	0	1	0	0	0	0	0	0	0
NBPF1	1	0	1	0	0	0	0	0	0	0
NBPF10	1	0	1	0	0	0	0	0	0	0
NBPF11	CM054434.2	0	0	0	0	0	1	0	0	0
NBPF15	CM055472.2	0	0	0	1	0	0	0	0	0
NBPF19	1	0	1	0	0	0	0	0	0	0
NBPF20	1	0	1	0	0	0	0	0	0	0
NBPF26	1	0	1	0	0	0	0	0	0	0
NBPF4	1	0	1	0	0	0	0	0	0	0
NBPF9	CM054434.2	0	0	0	0	0	0	1	0	0
NBPFC	CM055472.2	0	0	0	1	0	0	0	0	0
NBPFF	CM054434.2	0	0	0	0	0	1	0	0	0
NBPFP	CM054434.2	0	0	0	0	0	1	0	0	0
NBR1	CM054649.2	0	0	0	0	0	0	0	1	0
NDUFA8	CM068950.1	1	0	0	0	0	0	0	0	0
NELL1	CM054688.2	0	0	1	0	0	0	0	0	0
NEMO	CM055469.2	1	0	0	0	0	0	0	0	0
NENF	CM054521.2	0	0	0	0	0	0	0	0	1
NEU4	CM055482.2	0	0	0	1	0	0	0	0	0
NEUR4	CM055482.2	0	0	0	1	0	0	0	0	0
NKG2C	CM054444.2	0	0	0	0	0	1	0	0	0
NOM1	CM055446.2	1	0	0	0	0	0	0	0	0
NOS2	CM054453.2	0	0	0	0	0	1	0	0	0
NOTCH2NLA	1	0	1	0	0	0	0	0	0	0
NOTCH2NLB	1	0	1	0	0	0	0	0	0	0
NOTCH2NLC	1	0	1	0	0	0	0	0	0	0
NOTCH2NLR	1	0	1	0	0	0	0	0	0	0
NP1L4	CM054630.2	0	0	0	0	0	0	0	1	0
NPB11	CM054693.2	0	0	1	0	0	0	0	0	0
NPB15	CM054452.2	0	0	0	0	0	0	1	0	0
NPIA3	CM055490.2	0	0	0	1	0	0	0	0	0
NPIB2	CM054452.2	0	0	0	0	0	0	1	0	0
NPIB5	CM054639.2	0	0	0	0	1	0	0	0	0
NPIB6	CM054453.2	0	0	0	0	0	0	1	0	0
NPIB8	CM054452.2	0	0	0	0	0	0	1	0	0
NPIB9	CM054451.2	0	0	0	0	0	0	1	0	0
NPIPA3	CM054644.2	0	0	0	0	1	0	0	0	0
NPIPA8	CM055490.2	0	0	0	1	0	0	0	0	0
NPIPB3	CM054697.2	0	0	1	0	0	0	0	0	0
NPIPB4	CM054693.2	0	0	1	0	0	0	0	0	0
NPIPB5	CM055490.2	0	0	0	1	0	0	0	0	0
NPIPB8	CM054452.2	0	0	0	0	0	1	0	0	0
NPY4R2	10	0	1	0	0	0	0	0	0	0
NREP	CM054685.2	0	0	1	0	0	0	0	0	0
NSE1	CM055464.2	1	0	0	0	0	0	0	0	0
NSMCE1	CM055464.2	1	0	0	0	0	0	0	0	0
NT2NA	CM055472.2	0	0	0	1	0	0	0	0	0
NTAN1	CM054697.2	0	0	1	0	0	0	0	0	0
NTM2A	CM054442.2	0	0	0	0	0	1	0	0	0
NTM2B	CM054638.2	0	0	0	0	1	0	0	0	0
NTM2G	CM054445.2	0	0	0	0	0	1	0	0	0
NUD11	CM054653.2	0	0	0	0	0	0	0	1	0
NUD15	CM054442.2	0	0	0	0	0	1	0	0	0
NUD18	CM054679.2	0	0	1	0	0	0	0	0	0
NUDT4B	1	0	1	0	0	0	0	0	0	0
NUP50	CM054683.2	0	0	1	0	0	0	0	0	0
NUTM2A	CM054638.2	0	0	0	0	0	0	0	1	0
NUTM2F	CM054638.2	0	0	0	0	1	0	0	0	0
NXF1	CM054533.2	0	0	0	0	0	0	0	0	1
NXF2	X	0	1	0	0	0	0	0	0	0
NXPE1	CM054688.2	0	0	1	0	0	0	0	0	0
O10A5	CM055455.2	1	0	0	0	0	0	0	0	0
O10A7	CM054650.2	0	0	0	0	0	0	0	1	0
O10G3	CM054645.2	0	0	0	0	1	0	0	0	0
O11G2	CM054685.2	0	0	1	0	0	0	0	0	0
O2T12	CM055472.2	0	0	0	1	0	0	0	0	0
OBP2A	9	0	1	0	0	0	0	0	0	0
OCLN	5	0	1	0	0	0	0	0	0	0
OFD1	CM055470.2	1	0	0	0	0	0	0	0	0
OPA1	CM054525.2	0	0	0	0	0	0	0	0	1
OPN1MW	X	0	1	0	0	0	0	0	0	0
OR10H5	19	0	1	0	0	0	0	0	0	0
OR11H1	22	0	1	0	0	0	0	0	0	0
OR11H12	14	0	1	0	0	0	0	0	0	0
OR1B1	CM068905.1	0	0	0	0	0	1	0	0	0
OR1D2	CM055491.2	0	0	0	1	0	0	0	0	0
OR2J3	CM054684.2	0	0	1	0	0	0	0	0	0
OR2T11	1	0	1	0	0	0	0	0	0	0
OR2T29	1	0	1	0	0	0	0	0	0	0
OR2T33	1	0	1	0	0	0	0	0	0	0
OR4F17	19	0	1	0	0	0	0	0	0	0
OR4F21	1	0	1	0	0	0	0	0	0	0
OR4F4	15	0	1	0	0	0	0	0	0	0
OR4F5	3	0	1	0	0	0	0	0	0	0
OR4K1	CM054645.2	0	0	0	0	1	0	0	0	0
OR4K2	CM054645.2	0	0	0	0	1	0	0	0	0
OR4K3	CM055490.2	0	0	0	1	0	0	0	0	0
OR4L1	CM054454.2	0	0	0	0	0	1	0	0	0
OR4M1	14	0	1	0	0	0	0	0	0	0
OR4M2	15	0	1	0	0	0	0	0	0	0
OR4N2	14	0	1	0	0	0	0	0	0	0
OR4N4	15	0	1	0	0	0	0	0	0	0
OR4Q3	14	0	1	0	0	0	0	0	0	0
OR6B2	CM054447.2	0	0	0	0	0	0	1	0	0
ORC5	CM055459.2	1	0	0	0	0	0	0	0	0
OSTP	CM055484.2	0	0	0	1	0	0	0	0	0
OTOAN	CM054452.2	0	0	0	0	0	0	1	0	0
OZF	CM068843.1	0	0	1	0	0	0	0	0	0
P23D1	CM054637.2	0	0	0	0	1	0	0	0	0
P2RX2	CM068844.1	0	0	1	0	0	0	0	0	0
P2RY6	CM054534.2	0	0	0	0	0	0	0	0	1
P4R3A	CM055475.2	0	0	0	1	0	0	0	0	0
PA2G4	CM068905.1	0	0	0	0	0	1	0	0	0
PA2GA	CM054526.2	0	0	0	0	0	0	0	0	1
PACER	CM055460.2	1	0	0	0	0	0	0	0	0
PARK7	CM054457.2	0	0	0	0	0	1	0	0	0
PCDH11X	X	0	1	0	0	0	0	0	0	0
PCDH11Y	Y	0	1	0	0	0	0	0	0	0
PCH2	CM054434.2	0	0	0	0	0	1	0	0	0
PCLO	CM054648.2	0	0	0	0	1	0	0	0	0
PCNP	CM054521.2	0	0	0	0	0	0	0	0	1
PDE4DIP	1	0	1	0	0	0	0	0	0	0
PDPK1	16	0	1	0	0	0	0	0	0	1
PDPR	16	0	1	0	0	0	0	0	0	0
PDZD2	CM054698.2	0	0	1	0	0	0	0	0	0
PDZK1	CM055446.2	1	0	0	0	0	0	0	0	0
PEPD	CM054649.2	0	0	0	0	1	0	0	0	0
PGA3	11	0	1	0	0	0	0	0	0	0
PGK2	CM055492.2	0	0	0	1	0	0	0	0	0
PHB1	CM054640.2	0	0	0	0	1	0	0	0	0
PIGW	CM054649.2	0	0	0	0	0	0	0	1	0
PILRA	CM054440.2	0	0	0	0	0	1	0	0	0
PIN1	CM054532.2	0	0	0	0	0	0	0	0	1
PKN2	CM054532.2	0	0	0	0	0	0	0	0	1
PLA2G10	16	0	1	0	0	0	0	0	0	0
PLA2G4B	CM068906.1	0	0	0	0	0	1	0	0	0
PLCX3	CM055496.2	0	0	0	1	0	0	0	0	0
PLCXD1	CM055496.2	0	0	0	1	0	0	0	0	0
PLEKHM1	17	0	1	0	0	0	0	0	0	0
PLGLB2	2	0	1	0	0	0	0	0	0	0
PMS2L	CM054636.2	0	0	0	0	1	0	0	0	0
PNRC2	1	0	1	0	0	0	0	0	0	0
POLR2J2	CM055478.2	0	0	0	1	0	0	0	0	0
POLR3K	CM055464.2	1	0	0	0	0	0	0	0	0
POM121C	7	0	1	0	0	0	0	0	0	0
POTEB	CM054451.2	0	0	0	0	0	1	0	0	0
POTED	CM054448.2	0	0	0	0	0	1	0	0	0
POTEF	2	0	1	0	0	0	1	0	0	0
POTEH	CM054694.2	0	0	1	0	0	0	0	0	0
POTEI	CM054449.2	0	0	0	0	0	1	0	0	0
POTEM	CM054449.2	0	0	0	0	0	0	1	0	0
PPAC	CM054638.2	0	0	0	0	1	0	0	0	0
PPIAL4A	1	0	1	0	0	0	0	0	0	0
PPIAL4D	1	0	1	0	0	0	0	0	0	0
PPIAL4E	1	0	1	0	0	0	0	0	0	0
PPIAL4G	1	0	1	0	0	0	0	0	0	0
PPIAL4H	1	0	1	0	0	0	0	0	0	0
PPIE	CM054630.2	0	0	0	0	0	0	0	1	0
PPIF	CM055454.2	1	0	0	0	0	0	0	0	0
PPIP5K1	15	0	1	0	0	0	0	0	0	0
PPP2R3B	CM054458.2	0	0	0	0	0	0	1	0	0
PR20E	CM054448.2	0	0	0	0	0	1	0	0	0
PRAM2	CM054434.2	0	0	0	0	0	1	0	0	0
PRAMEF11	CM055472.2	0	0	0	1	0	0	0	0	0
PRAMEF13	CM054434.2	0	0	0	0	0	1	0	0	0
PRAMEF14	CM054679.2	0	0	1	0	0	0	0	0	0
PRAMEF8	CM055472.2	0	0	0	1	0	0	0	0	0
PRDM7	16	0	1	0	0	0	0	1	0	0
PRKX	CM054653.2	0	0	0	0	0	0	0	1	0
PRKY	Y	0	1	0	0	1	0	0	0	0
PRLD1	CM055472.2	0	0	0	1	0	0	0	0	0
PRMT3	CM054639.2	0	0	0	0	1	0	0	0	0
PRPC	CM054640.2	0	0	0	0	0	0	0	1	0
PRPF8	CM054528.2	0	0	0	0	0	0	0	0	1
PRR20A	CM054448.2	0	0	0	0	0	1	0	0	0
PRR23D1	8	0	1	0	0	0	0	0	0	0
PRR23D2	8	0	1	0	0	1	0	0	0	0
PRSS2	CM054636.2	0	0	0	0	1	0	0	0	0
PRSS3	CM055459.2	1	0	0	0	0	0	0	0	0
PRY	Y	0	1	0	0	0	0	0	0	0
PSG1	CM054650.2	0	0	0	0	0	0	0	1	0
PSG11	CM055466.2	1	0	0	0	0	0	0	0	0
PSG7	CM054525.2	0	0	0	0	0	0	0	0	1
PSG8	CM054650.2	0	0	0	0	1	0	0	0	0
PSIP1	CM054647.2	0	0	0	0	0	0	0	1	0
PTCD3	CM054522.2	0	0	0	0	0	0	0	0	1
PTN1	CM068843.1	0	0	1	0	0	0	0	0	0
PTN3	CM054516.2	0	0	0	0	0	0	0	0	1
PVR	CM055452.2	1	0	0	0	0	0	0	0	0
QCR2	CM054648.2	0	0	0	0	0	0	0	1	0
RAB26	CM055490.2	0	0	0	1	0	0	0	0	0
RAB2B	CM055458.2	1	0	0	0	0	0	0	0	0
RAB42	CM054449.2	0	0	0	0	0	1	0	0	0
RAB43	3	0	1	0	0	0	0	0	0	0
RABL2A	CM068951.1	1	0	0	0	0	0	0	0	0
RABL2B	CM055458.2	1	0	0	0	0	0	0	0	0
RAMAC	CM055454.2	1	0	0	0	0	0	0	0	0
RAMACL	6	0	1	0	0	0	0	0	0	0
RAN	CM055487.2	0	0	0	1	0	0	0	0	0
RANG	CM055452.2	1	0	0	0	0	0	0	0	0
RARS1	CM054515.2	0	0	0	0	0	0	0	0	1
RASA4	7	1	1	0	0	0	0	0	0	0
RASA4B	7	0	1	0	0	0	0	0	0	0
RASF1	CM055472.2	0	0	0	1	0	0	0	0	0
RB40L	CM054702.2	0	0	1	0	0	0	0	0	0
RBIS	CM054637.2	0	0	0	0	0	0	0	1	0
RBMS3	CM054444.2	0	0	0	0	0	0	1	0	0
RBMX2	CM055480.2	0	0	0	1	0	0	0	0	0
RBMY1A1	Y	1	1	0	0	0	0	0	0	0
RBMY1B	Y	0	1	0	0	0	0	0	0	0
RBMY1E	CM055470.2	1	0	0	0	0	0	0	0	0
RBY1B	CM055470.2	1	0	0	0	0	0	0	0	0
RCN1	CM055486.2	0	0	0	1	0	0	0	0	0
RDH10	CM054441.2	0	0	0	0	0	1	0	0	0
REN3A	CM055491.2	0	0	0	1	0	0	0	0	0
RFPL1	22	0	1	0	0	0	0	0	0	0
RFPL3	CM068844.1	0	0	1	0	0	0	0	0	0
RFX8	CM054642.2	0	0	0	0	0	0	0	1	0
RGL4	CM068906.1	0	0	0	0	0	0	1	0	0
RGPD5	CM054446.2	0	0	0	0	0	0	1	0	0
RHCE	CM055472.2	0	0	0	1	0	0	0	0	0
RHDF2	CM055457.2	1	0	0	0	0	0	0	0	0
RHEB	CM055480.2	0	0	0	1	0	0	0	0	0
RHF2B	CM055495.2	0	0	0	1	0	0	0	0	0
RHG21	CM055477.2	0	0	0	1	0	0	0	0	0
RHOA	CM054510.2	0	0	0	0	0	0	0	0	1
RHOXF2B	CM055495.2	0	0	0	1	0	0	0	0	0
RHPN2	CM055464.2	1	0	0	0	0	0	0	0	0
RIGI	CM054511.2	0	0	0	0	0	0	0	0	1
RIMB1	CM054528.2	0	0	0	0	0	0	0	0	1
RIMBP3C	CM068951.1	1	0	0	0	0	0	0	0	0
RL18	CM054630.2	0	0	0	0	0	0	0	1	0
RL18A	CM055495.2	0	0	0	1	0	0	0	0	0
RL22	CM055478.2	0	0	0	1	0	0	0	0	0
RL30	CM054439.2	0	0	0	0	0	1	0	0	0
RL34	CM055466.2	1	0	0	0	0	0	0	0	0
RL38	CM054522.2	0	0	0	0	0	0	0	0	1
RL39	CM054528.2	0	0	0	0	0	0	0	0	1
RL4	CM054643.2	0	0	0	0	1	0	0	0	0
RM45	CM055450.2	1	0	0	0	0	0	0	0	0
RMI1	CM054648.2	0	0	0	0	0	0	0	1	0
RMND5A	2	0	1	0	0	0	0	0	0	0
RN216	CM054517.2	0	0	0	0	0	0	0	0	1
RNASE3	14	0	1	0	0	0	0	0	0	0
RNF17	CM054693.2	0	0	1	0	0	0	0	0	0
RNF4	CM055472.2	0	0	0	1	0	0	0	0	0
ROA3	CM054693.2	0	0	1	0	0	0	0	0	0
ROP1A	CM068950.1	1	0	0	0	0	0	0	0	0
ROPN1B	CM068843.1	0	0	1	0	0	0	0	0	0
RP1	CM054440.2	0	0	0	0	0	1	0	0	0
RP2	CM054522.2	0	0	0	0	0	0	0	0	1
RPA1	CM054522.2	0	0	0	0	0	0	0	0	1
RPL38	CM054522.2	0	0	0	0	0	0	0	0	1
RS10	CM055491.2	0	0	0	1	0	0	0	0	0
RS15A	CM055472.2	0	0	0	1	0	0	0	0	0
RS23	CM055479.2	0	0	0	1	0	0	0	0	0
RS27	CM054650.2	0	0	0	0	1	0	0	0	0
RS3A	CM054633.2	0	0	0	0	0	0	0	1	0
RS5	CM054511.2	0	0	0	0	0	0	0	0	1
RS6	CM054529.2	0	0	0	0	0	0	0	0	1
RSAD1	CM054528.2	0	0	0	0	0	0	0	0	1
RSRP1	1	0	1	0	0	0	0	0	0	0
RT05	CM055458.2	1	0	0	0	0	0	0	0	0
RT23	CM054528.2	0	0	0	0	0	0	0	0	1
RTN3	CM054437.2	0	0	0	0	0	1	0	0	0
RUFY4	CM054687.2	0	0	1	0	0	0	0	0	0
RUVB1	CM054534.2	0	0	0	0	0	0	0	0	1
RWDD3	CM054456.2	0	0	0	0	0	0	1	0	0
S10AB	CM054444.2	0	0	0	0	0	0	1	0	0
S17A4	CM055477.2	0	0	0	1	0	0	0	0	0
S26A4	CM054653.2	0	0	0	0	0	0	0	1	0
S29P2	CM054452.2	0	0	0	0	0	1	0	0	0
S31A1	CM054445.2	0	0	0	0	0	0	1	0	0
S31D1	CM054445.2	0	0	0	0	0	0	1	0	0
S35F5	CM068950.1	1	0	0	0	0	0	0	0	0
S41A3	CM068843.1	0	0	1	0	0	0	0	0	0
SAA2	11	0	1	0	0	0	0	0	0	0
SAA2-SAA4	11	0	1	0	0	0	0	0	0	0
SAFB2	CM055470.2	1	0	0	0	0	0	0	0	0
SAGE1	CM054457.2	0	0	0	0	0	1	0	0	0
SAHH	CM055477.2	0	0	0	1	0	0	0	0	0
SAM11	CM054455.2	0	0	0	0	0	1	0	0	0
SAV1	CM054528.2	0	0	0	0	0	0	0	0	1
SBNO2	CM054516.2	0	0	0	0	0	0	0	0	1
SC6A5	CM054688.2	0	0	1	0	0	0	0	0	0
SCGB1C2	17	0	1	0	0	0	0	0	0	0
SCNNB	CM054697.2	0	0	1	0	0	0	0	0	0
SCNNG	CM054648.2	0	0	0	0	1	0	0	0	0
SEC22B	CM054434.2	0	0	0	0	0	0	1	0	0
SENP1	CM055446.2	1	0	0	0	0	0	0	0	0
SEPHS2	CM055490.2	0	0	0	1	0	0	0	0	0
SERB	CM054636.2	0	0	0	0	0	0	0	1	0
SERF1	CM055476.2	0	0	0	1	0	0	0	0	0
SERF1A	5	0	1	0	0	0	0	0	0	0
SF3A3	CM054638.2	0	0	0	0	1	0	0	0	0
SGSM2	CM054522.2	0	0	0	0	0	0	0	0	1
SH2B2	CM054440.2	0	0	0	0	0	0	1	0	0
SH3G1	CM054649.2	0	0	0	0	1	0	0	0	0
SHCBP1	CM054519.2	0	0	0	0	0	0	0	0	1
SHISAL1	CM068906.1	0	0	0	0	0	0	1	0	0
SIN3A	CM054695.2	0	0	1	0	0	0	0	0	0
SKP2	CM054524.2	0	0	0	0	0	0	0	0	1
SL9A1	CM054452.2	0	0	0	0	0	0	1	0	0
SL9B1	CM055496.2	0	0	0	1	0	0	0	0	0
SLC25A6	CM055496.2	0	0	0	1	0	0	0	0	0
SLC29A4	7	0	1	0	0	0	0	0	0	0
SLC33A1	3	0	1	0	0	0	0	0	0	0
SLC35E2A	1	0	1	0	0	0	0	0	0	0
SLC35G5	8	0	1	0	0	0	0	0	0	0
SLC6A5	CM054688.2	0	0	1	0	0	0	0	0	0
SLC6A8	CM055463.2	1	0	0	0	0	0	0	0	0
SLX1B	16	0	1	0	0	0	0	0	0	0
SMN1	5	0	1	0	0	0	0	0	0	0
SMPD4	CM055485.2	0	0	0	1	0	0	0	0	0
SNX8	CM055464.2	1	0	0	0	0	0	0	0	0
SO1B3	CM054444.2	0	0	0	0	0	0	1	0	0
SOCS6	CM055453.2	1	0	0	0	0	0	0	0	0
SORC3	CM054644.2	0	0	0	0	0	0	0	1	0
SORD	CM054450.2	0	0	0	0	0	1	0	0	0
SORL	CM055464.2	1	0	0	0	0	0	0	0	0
SP20H	CM054457.2	0	0	0	0	0	1	0	0	0
SPACA5B	X	0	1	0	0	0	0	0	0	0
SPAG11B	8	0	1	0	0	0	0	0	0	0
SPATA20	CM054528.2	0	0	0	0	0	0	0	0	1
SPATA31A3	CM054445.2	0	0	0	0	0	1	0	0	0
SPATA31A6	9	0	1	0	0	0	0	0	0	0
SPATA31A7	CM055483.2	0	0	0	1	0	0	0	0	0
SPATA31D4	CM054445.2	0	0	0	0	0	1	0	0	0
SPD12	CM054440.2	0	0	0	0	0	0	1	0	0
SPD21	CM054440.2	0	0	0	0	0	0	1	0	0
SPDE1	CM054440.2	0	0	0	0	0	0	1	0	0
SPDE2	CM055478.2	0	0	0	1	0	0	0	0	0
SPDE4	CM054649.2	0	0	0	0	0	0	0	1	0
SPDE5	CM055478.2	0	0	0	1	0	0	0	0	0
SPDE6	CM054649.2	0	0	0	0	1	0	0	0	0
SPDE7	CM054636.2	0	0	0	0	0	0	0	1	0
SPDYE16	CM055478.2	0	0	0	1	0	0	0	0	0
SPDYE3	CM054440.2	0	0	0	0	0	1	0	0	0
SPDYE4	CM054649.2	0	0	0	0	1	0	0	0	0
SPDYE8	CM054440.2	0	0	0	0	0	0	1	0	0
SPI2B	CM054457.2	0	0	0	0	0	0	1	0	0
SPSY	CM054440.2	0	0	0	0	0	0	1	0	0
SPTC3	CM054445.2	0	0	0	0	0	1	0	0	0
SPTN4	CM068906.1	0	0	0	0	0	1	0	0	0
SRGAP2B	1	0	1	0	0	0	0	0	0	0
SRGAP2C	1	0	1	0	0	0	0	0	0	0
SRPK2	CM054686.2	0	0	1	0	0	0	0	0	0
SRS11	CM055483.2	0	0	0	1	0	0	0	0	0
SRSF7	CM054443.2	0	0	0	0	0	1	0	0	0
SRSF9	CM054644.2	0	0	0	0	0	0	0	1	0
SSBP3	CM054701.2	0	0	1	0	0	0	0	0	0
SSPO	CM054636.2	0	0	0	0	0	0	0	1	0
SSX1	CM055469.2	1	0	0	0	0	0	0	0	0
SSX2	CM054653.2	0	0	0	0	1	0	0	0	0
SSX2B	X	0	1	0	0	1	0	0	1	0
SSX3	CM054653.2	0	0	0	0	1	0	0	0	0
SSX4B	X	0	1	0	0	0	0	0	0	0
SSX7	X	0	1	0	0	1	0	0	0	0
ST1A3	CM055464.2	1	0	0	0	0	0	0	0	0
ST1C3	CM054642.2	0	0	0	0	1	0	0	0	0
ST1C4	CM054642.2	0	0	0	0	1	0	0	0	0
STA5A	CM055491.2	0	0	0	1	0	0	0	0	0
STABP	CM054522.2	0	0	0	0	0	0	0	0	1
STRAA	CM055472.2	0	0	0	1	0	0	0	0	0
STRN	2	0	1	0	0	0	0	0	0	0
SULT1A2	CM055464.2	1	0	0	0	0	0	0	0	0
SULT1A4	CM055464.2	1	0	0	0	0	0	0	0	0
SVIL	CM055480.2	0	0	0	1	0	0	0	0	0
SWAHC	CM068906.1	0	0	0	0	0	1	0	0	0
SYCY1	CM054642.2	0	0	0	0	1	0	0	0	0
SYRC	CM054515.2	0	0	0	0	0	0	0	0	1
SYT15	10	0	1	0	0	0	1	0	0	0
T191A	CM068945.1	0	0	0	1	0	0	0	0	0
T2R43	CM054444.2	0	0	0	0	0	1	0	0	0
T53G5	CM054452.2	0	0	0	0	0	0	1	0	0
TADBP	CM055457.2	1	0	0	0	0	0	0	0	0
TAF13	CM054533.2	0	0	0	0	0	0	0	0	1
TAF1D	CM055465.2	1	0	0	0	0	0	0	0	0
TBA4A	CM068908.1	0	0	0	0	1	0	0	0	0
TBA8	CM054447.2	0	0	0	0	0	1	0	0	0
TBB1	CM055477.2	0	0	0	1	0	0	0	0	0
TBC1D28	17	0	1	0	0	0	0	0	1	0
TBC1D3	CM054649.2	0	0	0	0	1	0	0	0	0
TBC1D3B	17	0	1	0	0	1	0	0	1	0
TBC1D3D	17	0	1	0	0	0	0	0	0	0
TBC1D3E	17	0	1	0	0	1	0	0	0	0
TBC1D3G	17	0	1	0	0	1	0	0	0	0
TBC1D3H	17	0	1	0	0	0	0	0	0	0
TBC1D3I	17	0	1	0	0	1	0	0	1	0
TBC1D3K	17	0	1	0	0	1	0	0	1	0
TBC3F	CM054698.2	0	0	1	0	0	0	0	0	0
TBC3K	CM054649.2	0	0	0	0	1	0	0	0	0
TBCD	CM054448.2	0	0	0	0	0	0	1	0	0
TBCD1	CM055462.2	1	0	0	0	0	0	0	0	0
TBG1	CM055462.2	1	0	0	0	0	0	0	0	0
TBL1Y	CM054654.2	0	0	0	0	1	0	0	0	0
TBX20	CM055482.2	0	0	0	1	0	0	0	0	0
TCAF1	7	0	1	0	0	0	0	0	0	0
TCAF2C	7	0	1	0	0	0	0	0	0	0
TCP4	CM055479.2	0	0	0	1	0	0	0	0	0
TCPZ	CM054649.2	0	0	0	0	1	0	0	0	0
TDGF1	CM054518.2	0	0	0	0	0	0	0	0	1
TEKT1	CM054449.2	0	0	0	0	0	0	1	0	0
TENS3	CM054649.2	0	0	0	0	0	0	0	1	0
TEX14	CM055462.2	1	0	0	0	0	0	0	0	0
TF2H4	CM054534.2	0	0	0	0	0	0	0	0	1
TGIF2LY	Y	0	1	0	0	0	0	0	0	0
THEM4	CM055488.2	0	0	0	1	0	0	0	0	0
THEM5	CM054516.2	0	0	0	0	0	0	0	0	1
THOC3	CM055450.2	1	0	0	0	0	0	0	0	0
TIF1B	CM054650.2	0	0	0	0	1	0	0	0	0
TIMM23B-AGAP6	10	1	1	0	0	0	0	0	0	0
TINCR	CM055466.2	1	0	0	0	0	0	0	0	0
TITIN	CM055464.2	1	0	0	0	0	0	0	0	0
TLE6	CM054702.2	0	0	1	0	0	0	0	0	0
TLK2	CM054453.2	0	0	0	0	0	0	1	0	0
TM231	CM054648.2	0	0	0	0	0	0	0	1	0
TM6S2	CM054702.2	0	0	1	0	0	0	0	0	0
TMEM185A	X	0	1	0	0	0	0	0	0	0
TMEM191C	CM068906.1	0	0	0	0	0	0	1	0	0
TMSB15B	X	0	1	0	0	0	0	0	0	0
TMX1	CM054445.2	0	0	0	0	0	1	0	0	0
TN13B	CM054649.2	0	0	0	0	0	0	0	1	0
TNFA	CM054697.2	0	0	1	0	0	0	0	0	0
TNFRSF10D	CM054441.2	0	0	0	0	0	1	0	0	0
TNN	CM054527.2	0	0	0	0	0	0	0	0	1
TOM20	CM055481.2	0	0	0	1	0	0	0	0	0
TOP1	CM055472.2	0	0	0	1	0	0	0	0	0
TP53TG3C	16	0	1	0	0	1	0	0	0	0
TP53TG3D	CM055490.2	0	0	0	1	0	0	0	0	0
TP53TG3F	16	0	1	0	0	0	0	0	0	0
TPM4	CM055482.2	0	0	0	1	0	0	0	0	0
TPP2	CM054523.2	0	0	0	0	0	0	0	0	1
TPPP	CM055465.2	1	0	0	0	0	0	0	0	0
TPTE	21	0	1	0	1	0	0	0	0	0
TPTE2	CM054448.2	0	0	0	1	0	0	1	0	0
TR49D	CM054526.2	0	0	0	0	0	0	0	0	1
TR64B	CM054514.2	0	0	0	0	0	0	0	0	1
TRAC	CM054440.2	0	0	0	0	0	1	0	0	0
TRAF5	CM055476.2	0	0	0	1	0	0	0	0	0
TRBC2	CM054636.2	0	0	0	0	1	0	0	0	0
TRI27	CM054454.2	0	0	0	0	0	1	0	0	0
TRI42	CM054453.2	0	0	0	0	0	0	1	0	0
TRI52	CM068905.1	0	0	0	0	0	1	0	0	0
TRIM43	CM054691.2	0	0	1	0	0	0	0	0	0
TRIM49D1	CM055481.2	0	0	0	1	0	0	0	0	0
TRIM52	CM068905.1	0	0	0	0	0	1	0	0	0
TRIM6	CM054633.2	0	0	0	0	1	0	0	0	0
TRIM61	4	0	1	0	0	0	0	0	0	0
TRIM73	7	0	1	0	0	0	0	0	1	0
TRY2	CM054636.2	0	0	0	0	1	0	0	0	0
TS1R3	CM055488.2	0	0	0	1	0	0	0	0	0
TSPY1	Y	0	1	0	0	0	0	0	0	0
TSPY10	Y	0	1	0	0	0	0	0	0	0
TSPY3	Y	0	1	0	0	0	0	0	0	0
TSPY4	Y	0	1	0	0	0	0	0	0	0
TSPY8	Y	0	1	0	0	1	0	0	0	0
TSPY9P	Y	0	1	0	0	0	0	0	0	0
TTL	2	0	1	0	0	0	0	0	0	0
TTL11	CM055449.2	1	0	0	0	0	0	0	0	0
TTYH2	CM054522.2	0	0	0	0	0	0	0	0	1
TUBA3D	CM054447.2	0	0	0	0	0	1	0	0	0
TUBA3E	CM054447.2	0	0	0	0	0	0	1	0	0
TUBB8	CM068908.1	0	0	0	0	0	0	0	1	0
TUSC3	CM054679.2	0	0	1	0	0	0	0	0	0
TV23B	CM054648.2	0	0	0	0	0	0	0	1	0
TXD11	CM055464.2	1	0	0	0	0	0	0	0	0
TXD17	CM054642.2	0	0	0	0	0	0	0	1	0
TXNIP	CM054434.2	0	0	0	0	0	0	1	0	0
TYB4	CM055478.2	0	0	0	1	0	0	0	0	0
TYW1B	CM055452.2	1	0	0	0	0	0	0	0	0
U633C	CM054445.2	0	0	0	0	0	1	0	0	0
UB2D3	CM054519.2	0	0	0	0	0	0	0	0	1
UB2E1	CM055491.2	0	0	0	1	0	0	0	0	0
UB2R2	CM054434.2	0	0	0	0	0	1	0	0	0
UBIP1	CM054449.2	0	0	0	0	0	1	0	0	0
UBP22	CM055481.2	0	0	0	1	0	0	0	0	0
UBP5	CM054648.2	0	0	0	0	0	0	0	1	0
UBP54	CM054649.2	0	0	0	0	0	0	0	1	0
UCHL3	CM054522.2	0	0	0	0	0	0	0	0	1
UCRI	CM055492.2	0	0	0	1	0	0	0	0	0
UD3A2	CM054524.2	0	0	0	0	0	0	0	0	1
UDB10	CM054437.2	0	0	0	0	0	1	0	0	0
UHRF1	CM054521.2	0	0	0	0	0	0	0	0	1
UIF	CM055469.2	1	0	0	0	0	0	0	0	0
ULBP2	CM054439.2	0	0	0	0	0	1	0	0	0
UN45B	CM054528.2	0	0	0	0	0	0	0	0	1
UNC93A	6	0	1	0	0	0	0	0	0	0
UPK3B	CM054440.2	0	0	0	0	0	0	1	0	0
UQCC3	CM054521.2	0	0	0	0	0	0	0	0	1
USP17L27	4	0	1	0	0	0	0	0	0	0
USP41	22	0	1	0	0	0	0	0	0	0
VAMP7	Y	0	1	0	0	0	0	0	0	0
VKORC1L1	7	0	1	0	0	0	0	0	0	0
VPS35	CM054519.2	0	0	0	0	0	0	0	0	1
VTI1B	CM055475.2	0	0	0	1	0	0	0	0	0
WAC2A	CM055480.2	0	0	0	1	0	0	0	0	0
WBP2L	CM055484.2	0	0	0	1	0	0	0	0	0
WIPI2	CM055450.2	1	0	0	0	0	0	0	0	0
XAGE1B	X	0	1	0	0	0	0	0	0	0
XIAP	CM054699.2	0	0	1	0	0	0	0	0	0
XPO1	CM054522.2	0	0	0	0	0	0	0	0	1
XRP2	CM054522.2	0	0	0	0	0	0	0	0	1
YAE1	CM055452.2	1	0	0	0	0	0	0	0	0
YB057	CM054643.2	0	0	0	0	0	0	0	1	0
YF016	CM054439.2	0	0	0	0	0	0	1	0	0
YH009	CM054692.2	0	0	1	0	0	0	0	0	0
Z286A	CM055450.2	1	0	0	0	0	0	0	0	0
Z3H7A	CM055464.2	1	0	0	0	0	0	0	0	0
Z705A	CM054646.2	0	0	0	0	0	0	0	1	0
ZA2G	CM054636.2	0	0	0	0	1	0	0	0	0
ZBED1	Y	0	1	0	1	0	0	0	0	0
ZBT17	CM054699.2	0	0	1	0	0	0	0	0	0
ZBT21	CM054642.2	0	0	0	0	1	0	0	0	0
ZBT46	CM054437.2	0	0	0	0	0	0	1	0	0
ZBT7A	CM054650.2	0	0	0	0	0	0	0	1	0
ZC3H11B	CM054434.2	0	0	0	0	0	1	0	0	0
ZC3H7A	CM055464.2	1	0	0	0	0	0	0	0	0
ZDH11	CM054434.2	0	0	0	0	0	0	1	0	0
ZFAT	CM054454.2	0	0	0	0	0	0	1	0	0
ZMY11	CM054649.2	0	0	0	0	1	0	0	0	0
ZMY12	CM054644.2	0	0	0	0	1	0	0	0	0
ZN124	CM054699.2	0	0	1	0	0	0	0	0	0
ZN131	CM055466.2	1	0	0	0	0	0	0	0	0
ZN133	CM055466.2	1	0	0	0	0	0	0	0	0
ZN135	CM054635.2	0	0	0	0	0	0	0	1	0
ZN195	CM054633.2	0	0	0	0	0	0	0	1	0
ZN239	CM055480.2	0	0	0	1	0	0	0	0	0
ZN268	CM054521.2	0	0	0	0	0	0	0	0	1
ZN321	CM054699.2	0	0	1	0	0	0	0	0	0
ZN345	CM054454.2	0	0	0	0	0	1	0	0	0
ZN383	CM055466.2	1	0	0	0	0	0	0	0	0
ZN417	CM054650.2	0	0	0	0	0	0	0	1	0
ZN467	CM054636.2	0	0	0	0	0	0	0	1	0
ZN473	CM054649.2	0	0	0	0	1	0	0	0	0
ZN573	CM054650.2	0	0	0	0	1	0	0	0	0
ZN587	CM054650.2	0	0	0	0	1	0	0	0	0
ZN593	CM054519.2	0	0	0	0	0	0	0	0	1
ZN598	CM054692.2	0	0	1	0	0	0	0	0	0
ZN622	CM054637.2	0	0	0	0	0	0	0	1	0
ZN626	CM055492.2	0	0	0	1	0	0	0	0	0
ZN646	CM068907.1	0	0	0	0	0	0	0	1	0
ZN653	CM054699.2	0	0	1	0	0	0	0	0	0
ZN664	CM054434.2	0	0	0	0	0	1	0	0	0
ZN682	CM055472.2	0	0	0	1	0	0	0	0	0
ZN687	CM054447.2	0	0	0	0	0	0	1	0	0
ZN716	CM054636.2	0	0	0	0	1	0	0	0	0
ZN765	CM055466.2	1	0	0	0	0	0	0	0	0
ZNF257	CM054521.2	0	0	0	0	0	0	0	0	1
ZNF322	6	0	1	0	0	0	0	0	0	0
ZNF33B	CM054638.2	0	0	0	0	1	0	0	0	0
ZNF492	19	0	1	0	0	0	0	0	1	0
ZNF658	CM054643.2	0	0	0	0	1	0	0	0	0
ZNF705D	CM054646.2	0	0	0	0	0	0	0	1	0
ZNF705E	CM054695.2	0	0	1	0	0	0	0	0	0
ZNF716	CM054636.2	0	0	0	0	0	0	0	1	0
ZNF717	CM054644.2	0	0	0	0	1	0	0	0	0
ZNF736	CM054685.2	0	0	1	0	0	0	0	0	0
ZNF74	CM055492.2	0	0	0	1	0	0	0	0	0
ZNF93	CM054699.2	0	0	1	0	0	0	0	0	0
ZNG1A	CM054448.2	0	0	0	0	0	0	1	0	0
ZNHIT3	CM054649.2	0	0	0	0	1	0	0	0	0
ZNRF2	CM054685.2	0	0	1	0	0	0	0	0	0
ZSA5A	CM055466.2	1	0	0	0	0	0	0	0	0
ZXDB	CM054533.2	0	0	0	0	0	0	0	0	1
ZY11B	CM055479.2	0	0	0	1	0	0	0	0	0
ZZZ3	CM055466.2	1	0	0	0	0	0	0	0	0
