query_gene	chrom	lineage
1433E	CM055450.2	GGO
1433T	CM055495.2	PPA
4EBP3	CM055488.2	PPA
6PGD	CM054446.2	PTR
A1AT	CM055461.2	GGO
A8MQT7	CM055495.2	PPA
AB17A	CM068906.1	Pan
ABCC6	16	HSA
AC005670	17	HSA
AC007326	22	HSA
AC008687	19	HSA
AC091057	15	HSA
AC098850	17	HSA
AC104472	3	HSA
AC134980	15	HSA
AC138969	16	HSA
AC242842	1	HSA
AC242842	1	SSY
ACAP1	CM054442.2	Pan
ACKR4	3	HSA
ACOT1	14	HSA
ACTB	CM055485.2	PPA
ACTR3B	7	HSA
AEN	CM054533.2	SSY
AG1L2	CM054442.2	PTR
AGAP6	10	GGO
AGAP6	10	HSA
AGAP9	10	HSA
AGRA3	CM055489.2	PPA
AK17A	CM055495.2	PPA
AK1C2	CM055480.2	PPA
AKAP17A	CM055495.2	PPA
AL1B1	CM055459.2	GGO
AL583836	10	HSA
ALG1	CM055455.2	GGO
ALPG	CM055457.2	GGO
AMACR	CM055463.2	GGO
AMRP	CM055462.2	GGO
AMY1A	1	HSA
AMY1B	1	HSA
AMY2A	1	HSA
AMYP	CM054630.2	Pongo
AN18A	CM055460.2	GGO
AN20B	CM054446.2	Pan
AN30A	CM054528.2	SSY
AN36A	CM068908.1	Pongo
ANAPC1	2	HSA
ANKRD20A1	9	HSA
ANKRD20A3P	9	HSA
ANKRD20A4P	9	HSA
ANKRD30B	18	HSA
ANKRD36B	CM054642.2	PPY
ANKRD36C	2	HSA
ANM7	CM054639.2	Pongo
ANO8	CM054533.2	SSY
ANP32E	CM054630.2	Pongo
ANTXRL	CM054687.2	PAB
ANXA2R	CM054524.2	SSY
ANXA8	10	HSA
AOXA	CM055457.2	GGO
APBB1	CM054646.2	Pongo
APOBEC3H	CM054526.2	SSY
APOBR	CM055490.2	PPA
APOC1	CM054650.2	PPY
AQP10	1	HSA
AQP7B	CM054446.2	PTR
ARF1	CM054528.2	SSY
ARG28	CM054530.2	SSY
ARHGAP11B	15	HSA
ARHGEF35	7	HSA
ARHGP	CM055454.2	GGO
ARL17B	17	HSA
ASSY	CM054439.2	PTR
AT8A2	CM054644.2	Pongo
ATD3B	CM054530.2	SSY
ATP9A	CM068844.1	PAB
AUTS2	CM055452.2	GGO
BACD3	CM055454.2	GGO
BAK	CM054693.2	PAB
BANP	16	HSA
BBC3B	CM054635.2	PPY
BCL2L14	12	HSA
BCL9	CM055476.2	PPA
BET1L	11	HSA
BFAR	CM055464.2	GGO
BIRC8	CM054691.2	PAB
BMI1	CM054441.2	PTR
BMP8A	1	HSA
BOLA2	16	HSA
BOLA2B	16	HSA
BPTF	CM054649.2	PPY
BPY2B	Y	HSA
BRCC3	CM054634.2	Pongo
BRD4	CM068905.1	Pan
BRD9	CM054434.2	PTR
BTF3	CM054447.2	PTR
BX664615	9	HSA
C1D	CM054521.2	SSY
C1QT4	CM055463.2	GGO
C1TM	CM054446.2	Pan
C2G1P	CM054454.2	PTR
C4BPA	CM055472.2	PPA
CA13	CM054686.2	PAB
CA5BL	CM054653.2	PPY
CAH6	CM054637.2	Pongo
CAPN8	CM054520.2	SSY
CASP	CM054440.2	Pan
CASPC	CM054639.2	Pongo
CASTOR2	7	HSA
CAZA1	CM054690.2	PAB
CBWD1	CM054439.2	Pan
CBWD3	9	HSA
CBWD5	CM055490.2	PPA
CBWD6	9	HSA
CBX7	CM054635.2	Pongo
CC116	CM055483.2	PPA
CCD14	CM055458.2	GGO
CCD32	CM054684.2	PAB
CCD92	CM054447.2	Pan
CCDC74B	CM054447.2	PTR
CCL25	CM054517.2	SSY
CCL4L2	17	HSA
CCNJL	CM055446.2	GGO
CCNQ	CM054634.2	Pongo
CD11B	CM054679.2	PAB
CD209	CM054702.2	PAB
CD33	CM055466.2	GGO
CD8B2	2	HSA
CD99	CM055495.2	PPA
CDC14C	CM054440.2	PTR
CDK11A	1	HSA
CDY1	Y	HSA
CDY1	Y	PAB
CEP20	CM054648.2	Pongo
CES2	CM055464.2	GGO
CFC1B	2	HSA
CHAP1	CM054446.2	Pan
CIC	CM054633.2	PPY
CING	CM055458.2	GGO
CISD2	4	HSA
CKS1	CM055495.2	PPA
CLASR	CM054688.2	PAB
CLCKB	CM054679.2	PAB
CLD10	CM054523.2	SSY
CLEC18A	16	HSA
CLEC18A	16	PPA
CLEC18B	16	HSA
CLEC18B	16	PTR
CLN3	CM054452.2	Pan
CNN2	CM055480.2	PPA
CNO10	CM055464.2	GGO
CNTNAP3	CM054643.2	PPY
CNTNAP3B	9	HSA
CNTP4	CM054641.2	Pongo
COBA1	CM054703.2	PAB
COBA2	CM055464.2	GGO
COG7	CM054648.2	Pongo
COMMD1	CM054522.2	SSY
COMMD4	CM054513.2	SSY
COTL1	CM054453.2	Pan
COX10	CM055491.2	PPA
COX11	CM054635.2	PPY
COX5A	CM054513.2	SSY
CP250	CM054648.2	Pongo
CP2D6	CM068844.1	PAB
CP2F1	CM055492.2	PPA
CP3A4	CM055452.2	GGO
CP3A5	CM055452.2	GGO
CP3A7	CM054636.2	PPY
CP7B1	CM054637.2	Pongo
CPLN1	CM055465.2	GGO
CPSF6	CM055482.2	PPA
CREG2	CM054642.2	Pongo
CSAG2	CM054533.2	SSY
CSF2	CM054534.2	SSY
CST1	CM054651.2	Pongo
CT453	CM054702.2	PAB
CT456	CM055469.2	GGO
CT45A	CM055495.2	PPA
CT45A1	X	HSA
CT45A1	X	PPA
CT45A3	X	HSA
CT45A6	CM054702.2	PAB
CT45A7	X	HSA
CT47A	CM054653.2	Pongo
CT47A1	X	HSA
CT47A2	X	HSA
CT47A3	X	HSA
CT47A4	X	HSA
CT47A5	X	HSA
CT47A6	X	HSA
CT47A7	CM054653.2	Pongo
CTAGE15	7	HSA
CTAGE15	7	Pongo
CTAGE4	7	HSA
CTAGE9	6	HSA
CTCF	CM055466.2	GGO
CTGEF	CM054644.2	Pongo
CXAR	CM055462.2	GGO
CXCL8	CM054633.2	PPY
CXXC5	CM055478.2	PPA
CYP2A6	19	HSA
CYP2C18	10	HSA
CYTN	CM054651.2	Pongo
CYTSA	CM068908.1	Pongo
CYTT	CM054700.2	PAB
D19P2	CM054636.2	Pongo
DACT2	CM054455.2	PTR
DAPK1	CM055459.2	GGO
DAZ3	CM054654.2	PPY
DAZ4	CM054654.2	PPY
DB125	CM055483.2	PPA
DB134	CM055479.2	PPA
DCR1C	CM054441.2	Pan
DDT	CM068844.1	PAB
DDX11	CM054444.2	Pan
DDX18	CM055477.2	PPA
DDX50	CM054687.2	PAB
DEF3	CM054686.2	PAB
DEFA1B	8	HSA
DEFA3	CM054686.2	PAB
DEFB103B	8	HSA
DEFB104A	8	HSA
DEFB105A	8	HSA
DEFB106B	8	HSA
DEFB107A	8	HSA
DEFB4A	8	HSA
DERPC	CM055466.2	GGO
DGCR6L	CM068844.1	PAB
DHB7	CM054442.2	Pan
DHRS4L2	14	HSA
DHRS7	CM055461.2	GGO
DHRSX	Y	HSA
DHRSX	Y	PPA
DHX40	CM055450.2	GGO
DMP34	CM054695.2	PAB
DMP46	CM054695.2	PAB
DMRTC1	X	HSA
DNJC9	CM054455.2	Pan
DOK7	CM055470.2	GGO
DPF3	CM054650.2	Pongo
DPH6	15	HSA
DRB4	CM055451.2	GGO
DREB	CM055452.2	GGO
DRICH1	CM068908.1	Pongo
DTX1	CM054440.2	PTR
DTX2	CM054440.2	Pan
DUS11	CM054522.2	SSY
DUS7	CM055450.2	GGO
DUSP11	CM054522.2	SSY
DUSP22	16	HSA
DUX4C	CM068905.1	PTR
DYH11	CM055482.2	PPA
DYL1	CM055490.2	PPA
E2F5	CM054686.2	PAB
ECH1	CM054699.2	PAB
EF1G	CM055452.2	GGO
EFC1	CM055477.2	PPA
EFL1	CM054450.2	Pan
EIF3C	CM054452.2	Pan
EIF3CL	CM054452.2	Pan
EIF4A3	CM054453.2	PTR
EIF5AL1	CM054442.2	PTR
ELOA2	CM054696.2	PAB
ENK19	CM054509.2	SSY
ENK8	CM054521.2	SSY
ENPP2	CM055492.2	PPA
EPM2A	CM054648.2	PPY
ERF3A	CM055490.2	PPA
ERR1	CM054641.2	Pongo
ESX1	CM054533.2	SSY
F106A	CM054453.2	Pan
F106C	CM055491.2	PPA
F10A1	CM054516.2	SSY
F131C	CM054679.2	PAB
F157B	CM054451.2	Pan
F182A	CM054649.2	Pongo
F185A	CM054440.2	Pan
F231L	CM055472.2	PPA
F246C	CM068951.1	GGO
F8	X	HSA
F86B1	CM054442.2	PTR
F90A3	CM055481.2	PPA
F90A5	CM055453.2	GGO
F90AP	CM054441.2	Pan
FA47A	CM054654.2	PPY
FA76B	CM054522.2	SSY
FACD2	CM054529.2	SSY
FAHD1	CM054452.2	Pan
FAHD2A	CM054691.2	PAB
FAM153A	5	GGO
FAM153A	5	HSA
FAM25A	CM054687.2	PAB
FAM25G	10	HSA
FAM72B	1	HSA
FAM72C	1	HSA
FAM72D	1	HSA
FAM7A	15	HSA
FAM86B1	CM055449.2	GGO
FAM86B2	CM055453.2	GGO
FAM95C	CM055458.2	GGO
FBW1B	CM054453.2	PTR
FCG3B	CM054434.2	PTR
FCGR1B	1	HSA
FCGR3B	1	HSA
FDXR	CM054522.2	SSY
FEM1A	CM055460.2	GGO
FGF7	CM055462.2	GGO
FGFR3	CM055470.2	GGO
FKB1A	CM055485.2	PPA
FKBP6	CM055478.2	PPA
FKBP9	CM055452.2	GGO
FM25C	CM054687.2	PAB
FMN2	CM068908.1	PPY
FO681492	10	HSA
FOH1B	CM054443.2	PTR
FOXD4L1	CM054447.2	PTR
FOXO3B	17	GGO
FOXO3B	17	HSA
FRG2	4	HSA
FRG2C	22	HSA
FRG2C	22	SSY
FRMPD2	10	HSA
FSCB	CM055495.2	PPA
FSCN2	CM054646.2	Pongo
FWCH1	CM054533.2	SSY
FX4L1	CM054447.2	PTR
G2E3	CM068843.1	PAB
G3ST3	CM055482.2	PPA
GAGE1	X	HSA
GAGE1	X	PPA
GAGE12C	X	HSA
GAGE12D	X	HSA
GAGE12F	X	HSA
GAGE12G	X	HSA
GAGE12H	X	HSA
GAGE12J	X	HSA
GAGE13	X	HSA
GAGE2A	X	HSA
GBA3	CM054524.2	SSY
GCC1	CM054650.2	Pongo
GCC2	CM054642.2	Pongo
GELS	CM055483.2	PPA
GG6L9	CM054513.2	SSY
GG6LS	CM055488.2	PPA
GGA2	CM054688.2	PAB
GGT2	22	HSA
GGT2	22	PTR
GGT6	CM068906.1	Pan
GGTLC2	CM068906.1	PTR
GJA1	CM055477.2	PPA
GLO2	CM054452.2	Pan
GLPK	CM054457.2	Pan
GLRX3	CM054434.2	Pan
GLTL6	CM055478.2	PPA
GLUD2	CM054653.2	Pongo
GLYG2	CM054654.2	Pongo
GNA11	CM055458.2	GGO
GOG6B	CM054646.2	Pongo
GOG6D	CM054646.2	Pongo
GOG8F	CM054646.2	PPY
GOG8H	CM054646.2	Pongo
GOLGA6A	15	HSA
GOLGA6A	15	Pongo
GOLGA6B	15	HSA
GOLGA6C	15	HSA
GOLGA6L1	15	HSA
GOLGA6L1	15	Pongo
GOLGA6L22	15	HSA
GOLGA6L22	15	PPY
GOLGA6L4	15	HSA
GOLGA6L4	15	PPA
GOLGA6L6	CM054646.2	Pongo
GOLGA8F	15	HSA
GOLGA8F	15	PPY
GOLGA8G	15	HSA
GOLGA8G	15	PAB
GOLGA8H	15	HSA
GOLGA8H	15	PPY
GOLGA8K	15	HSA
GOLGA8N	15	HSA
GOLGA8O	15	HSA
GOLGA8O	15	Pongo
GOLGA8R	CM054646.2	PPY
GOLGA8S	15	HSA
GOLGA8T	15	HSA
GPR89B	1	HSA
GPRIN2	10	HSA
GRAP	CM054434.2	Pan
GRM5	CM055455.2	GGO
GSTT1	CM068945.1	PPA
GTF2H2	5	HSA
GTF2IRD2	7	HSA
GTPBP6	CM055496.2	PPA
GUSB	CM054636.2	Pongo
H2AZ	CM068907.1	PPY
H2BW2	CM054702.2	PAB
H3-2	1	HSA
HBAZ	CM054697.2	PAB
HBZ	16	HSA
HEATR6	CM054649.2	Pongo
HIC2	CM068945.1	PPA
HIG1A	CM054443.2	Pan
HLA-DRB5	CM055451.2	GGO
HMGB3	CM055483.2	PPA
HMGN2	CM054450.2	PPA
HMGN2	CM054450.2	Pan
HMR1	CM054630.2	PPY
HORN	CM054690.2	PAB
HSFX1	X	HSA
HSFY2	Y	HSA
HSFY2	Y	PPY
HSP74	CM054531.2	SSY
HSP7C	CM055486.2	PPA
HYAS2	CM054440.2	Pan
HYDIN	16	HSA
I11RA	CM054517.2	SSY
ICAM2	CM054453.2	Pan
ICAM5	CM054649.2	Pongo
ICLN	CM055480.2	PPA
IF4A3	CM054453.2	Pan
IF4B	CM055487.2	PPA
IF5A1	CM054442.2	PTR
IGF2	CM055482.2	PPA
IGHE	CM054449.2	PTR
IGLC1	CM054526.2	SSY
IGLL1	CM068951.1	GGO
IKBKG	X	HSA
IL1RL1	CM055484.2	PPA
IL32	CM054648.2	Pongo
IL36B	CM054633.2	PPY
IL3RA	CM055495.2	PPA
IL9R	Y	HSA
INSR	CM054638.2	PPY
INT4	CM054440.2	Pan
IQSEC3	12	HSA
ISY1-RAB43	3	HSA
IT70A	CM054516.2	SSY
IT70B	CM054641.2	PPY
ITGB3BP	1	HSA
ITLN1	CM055446.2	GGO
IWS1	CM068907.1	PPY
JADE3	CM054522.2	SSY
K1C10	CM054528.2	SSY
K1C14	CM054528.2	SSY
K1C15	CM055491.2	PPA
K2C8	CM055483.2	PPA
KAD5	CM054654.2	PPY
KALM	CM054703.2	PAB
KANK4	CM054455.2	Pan
KANL1	CM055450.2	GGO
KBP	CM055496.2	PPA
KCJ12	CM055450.2	GGO
KCMB3	CM068906.1	PTR
KCNJ18	CM055450.2	GGO
KCNQ5	CM054522.2	SSY
KCTD5	CM054648.2	Pongo
KCTD9	CM054453.2	Pan
KDM8	CM055464.2	GGO
KI2S2	CM054521.2	SSY
KI3L3	CM055466.2	GGO
KIAA0040	CM054527.2	SSY
KIF27	CM054643.2	PPY
KIR3DL1	19	HSA
KLF7	CM054434.2	Pan
KLH21	CM055484.2	PPA
KLHL2	4	HSA
KPRP	CM068907.1	PPY
KR105	CM054630.2	PPY
KRA41	CM054456.2	PTR
KRA52	CM055455.2	GGO
KT33B	CM054689.2	PAB
KVD28	CM054446.2	PTR
LANC1	CM054533.2	SSY
LAT1N	CM054452.2	Pan
LDH6B	CM054510.2	SSY
LEG9C	CM055491.2	PPA
LGALS9C	17	GGO
LGALS9C	17	HSA
LILRA1	19	HSA
LIMS3	2	HSA
LIMS4	CM054691.2	PAB
LINC02203	15	HSA
LITAF	CM054648.2	Pongo
LMAN1	CM054530.2	SSY
LMBR1	CM055446.2	GGO
LMLN	CM054513.2	SSY
LORF1	CM055480.2	PPA
LR75B	CM068908.1	PPY
LRRC37A	17	HSA
LRRC37A3	17	HSA
LRRF2	CM068905.1	PTR
LYSC	CM054642.2	Pongo
M4A6A	CM054639.2	Pongo
MAGAB	CM055495.2	PPA
MAGB4	CM054653.2	Pongo
MAGBI	CM054702.2	PAB
MAGC1	CM054653.2	Pongo
MAGEA9	CM054653.2	PPY
MALL	2	HSA
MALR1	CM068906.1	PTR
MAPKBP1	CM054450.2	PPA
MAPKBP1	CM054450.2	Pan
MATR3	CM055472.2	PPA
MBD1	CM055492.2	PPA
MCTP2	CM054646.2	Pongo
MED8	CM054640.2	PPY
MEIG1	CM054442.2	Pan
MEIOB	CM055490.2	PPA
MERB1	CM054697.2	PAB
METTL2B	CM054440.2	Pan
MF14C	CM054445.2	Pan
MGN2	CM055487.2	PPA
MICA	6	HSA
MICA	6	Pongo
MIPEP	CM054644.2	Pongo
MIX23	CM054647.2	Pongo
MKRN1	CM054526.2	SSY
MMP23	CM054630.2	Pongo
MORC2	CM055492.2	PPA
MORC4	CM054650.2	Pongo
MORN3	CM068950.1	GGO
MOST1	CM068950.1	GGO
MPP8	CM055462.2	GGO
MPV17	CM055478.2	PPA
MRGPRX1	11	HSA
MRPS10	6	HSA
MRPS23	CM054528.2	SSY
MRT4	CM054530.2	SSY
MSTRG	16	GGO
MSTRG	16	HSA
MSTRG	16	PPA
MSTRG	16	Pongo
MSTRG	16	SSY
MT21A	CM054510.2	SSY
MTMR9	CM054635.2	PPY
MUC1	CM068843.1	PAB
MUC2	CM068907.1	Pongo
MUC20	CM068907.1	Pongo
MUC3A	CM054533.2	SSY
MUC4	CM068907.1	Pongo
MYLK2	CM068905.1	PTR
MYO19	CM054649.2	Pongo
MYO5B	CM068906.1	PTR
MYP2	CM054528.2	SSY
MZT2B	2	HSA
NAIP	5	HSA
NALD2	CM055455.2	GGO
NANOGP8	15	HSA
NBPF1	1	HSA
NBPF10	1	HSA
NBPF11	CM054434.2	PTR
NBPF15	CM055472.2	PPA
NBPF19	1	HSA
NBPF20	1	HSA
NBPF26	1	HSA
NBPF4	1	HSA
NBPF9	CM054434.2	Pan
NBPFC	CM055472.2	PPA
NBPFF	CM054434.2	PTR
NBPFP	CM054434.2	PTR
NBR1	CM054649.2	Pongo
NDUFA8	CM068950.1	GGO
NELL1	CM054688.2	PAB
NEMO	CM055469.2	GGO
NENF	CM054521.2	SSY
NEU4	CM055482.2	PPA
NEUR4	CM055482.2	PPA
NKG2C	CM054444.2	PTR
NOM1	CM055446.2	GGO
NOS2	CM054453.2	PTR
NOTCH2NLA	1	HSA
NOTCH2NLB	1	HSA
NOTCH2NLC	1	HSA
NOTCH2NLR	1	HSA
NP1L4	CM054630.2	Pongo
NPB11	CM054693.2	PAB
NPB15	CM054452.2	Pan
NPIA3	CM055490.2	PPA
NPIB2	CM054452.2	Pan
NPIB5	CM054639.2	PPY
NPIB6	CM054453.2	Pan
NPIB8	CM054452.2	Pan
NPIB9	CM054451.2	Pan
NPIPA3	CM054644.2	PPY
NPIPA8	CM055490.2	PPA
NPIPB3	CM054697.2	PAB
NPIPB4	CM054693.2	PAB
NPIPB5	CM055490.2	PPA
NPIPB8	CM054452.2	PTR
NPY4R2	10	HSA
NREP	CM054685.2	PAB
NSE1	CM055464.2	GGO
NSMCE1	CM055464.2	GGO
NT2NA	CM055472.2	PPA
NTAN1	CM054697.2	PAB
NTM2A	CM054442.2	PTR
NTM2B	CM054638.2	PPY
NTM2G	CM054445.2	PTR
NUD11	CM054653.2	Pongo
NUD15	CM054442.2	PTR
NUD18	CM054679.2	PAB
NUDT4B	1	HSA
NUP50	CM054683.2	PAB
NUTM2A	CM054638.2	Pongo
NUTM2F	CM054638.2	PPY
NXF1	CM054533.2	SSY
NXF2	X	HSA
NXPE1	CM054688.2	PAB
O10A5	CM055455.2	GGO
O10A7	CM054650.2	Pongo
O10G3	CM054645.2	PPY
O11G2	CM054685.2	PAB
O2T12	CM055472.2	PPA
OBP2A	9	HSA
OCLN	5	HSA
OFD1	CM055470.2	GGO
OPA1	CM054525.2	SSY
OPN1MW	X	HSA
OR10H5	19	HSA
OR11H1	22	HSA
OR11H12	14	HSA
OR1B1	CM068905.1	PTR
OR1D2	CM055491.2	PPA
OR2J3	CM054684.2	PAB
OR2T11	1	HSA
OR2T29	1	HSA
OR2T33	1	HSA
OR4F17	19	HSA
OR4F21	1	HSA
OR4F4	15	HSA
OR4F5	3	HSA
OR4K1	CM054645.2	PPY
OR4K2	CM054645.2	PPY
OR4K3	CM055490.2	PPA
OR4L1	CM054454.2	PTR
OR4M1	14	HSA
OR4M2	15	HSA
OR4N2	14	HSA
OR4N4	15	HSA
OR4Q3	14	HSA
OR6B2	CM054447.2	Pan
ORC5	CM055459.2	GGO
OSTP	CM055484.2	PPA
OTOAN	CM054452.2	Pan
OZF	CM068843.1	PAB
P23D1	CM054637.2	PPY
P2RX2	CM068844.1	PAB
P2RY6	CM054534.2	SSY
P4R3A	CM055475.2	PPA
PA2G4	CM068905.1	PTR
PA2GA	CM054526.2	SSY
PACER	CM055460.2	GGO
PARK7	CM054457.2	PTR
PCDH11X	X	HSA
PCDH11Y	Y	HSA
PCH2	CM054434.2	PTR
PCLO	CM054648.2	PPY
PCNP	CM054521.2	SSY
PDE4DIP	1	HSA
PDPK1	16	HSA
PDPK1	16	SSY
PDPR	16	HSA
PDZD2	CM054698.2	PAB
PDZK1	CM055446.2	GGO
PEPD	CM054649.2	PPY
PGA3	11	HSA
PGK2	CM055492.2	PPA
PHB1	CM054640.2	PPY
PIGW	CM054649.2	Pongo
PILRA	CM054440.2	PTR
PIN1	CM054532.2	SSY
PKN2	CM054532.2	SSY
PLA2G10	16	HSA
PLA2G4B	CM068906.1	PTR
PLCX3	CM055496.2	PPA
PLCXD1	CM055496.2	PPA
PLEKHM1	17	HSA
PLGLB2	2	HSA
PMS2L	CM054636.2	PPY
PNRC2	1	HSA
POLR2J2	CM055478.2	PPA
POLR3K	CM055464.2	GGO
POM121C	7	HSA
POTEB	CM054451.2	PTR
POTED	CM054448.2	PTR
POTEF	2	HSA
POTEF	2	PTR
POTEH	CM054694.2	PAB
POTEI	CM054449.2	PTR
POTEM	CM054449.2	Pan
PPAC	CM054638.2	PPY
PPIAL4A	1	HSA
PPIAL4D	1	HSA
PPIAL4E	1	HSA
PPIAL4G	1	HSA
PPIAL4H	1	HSA
PPIE	CM054630.2	Pongo
PPIF	CM055454.2	GGO
PPIP5K1	15	HSA
PPP2R3B	CM054458.2	Pan
PR20E	CM054448.2	PTR
PRAM2	CM054434.2	PTR
PRAMEF11	CM055472.2	PPA
PRAMEF13	CM054434.2	PTR
PRAMEF14	CM054679.2	PAB
PRAMEF8	CM055472.2	PPA
PRDM7	16	HSA
PRDM7	16	Pan
PRKX	CM054653.2	Pongo
PRKY	Y	HSA
PRKY	Y	PPY
PRLD1	CM055472.2	PPA
PRMT3	CM054639.2	PPY
PRPC	CM054640.2	Pongo
PRPF8	CM054528.2	SSY
PRR20A	CM054448.2	PTR
PRR23D1	8	HSA
PRR23D2	8	HSA
PRR23D2	8	PPY
PRSS2	CM054636.2	PPY
PRSS3	CM055459.2	GGO
PRY	Y	HSA
PSG1	CM054650.2	Pongo
PSG11	CM055466.2	GGO
PSG7	CM054525.2	SSY
PSG8	CM054650.2	PPY
PSIP1	CM054647.2	Pongo
PTCD3	CM054522.2	SSY
PTN1	CM068843.1	PAB
PTN3	CM054516.2	SSY
PVR	CM055452.2	GGO
QCR2	CM054648.2	Pongo
RAB26	CM055490.2	PPA
RAB2B	CM055458.2	GGO
RAB42	CM054449.2	PTR
RAB43	3	HSA
RABL2A	CM068951.1	GGO
RABL2B	CM055458.2	GGO
RAMAC	CM055454.2	GGO
RAMACL	6	HSA
RAN	CM055487.2	PPA
RANG	CM055452.2	GGO
RARS1	CM054515.2	SSY
RASA4	7	GGO
RASA4	7	HSA
RASA4B	7	HSA
RASF1	CM055472.2	PPA
RB40L	CM054702.2	PAB
RBIS	CM054637.2	Pongo
RBMS3	CM054444.2	Pan
RBMX2	CM055480.2	PPA
RBMY1A1	Y	GGO
RBMY1A1	Y	HSA
RBMY1B	Y	HSA
RBMY1E	CM055470.2	GGO
RBY1B	CM055470.2	GGO
RCN1	CM055486.2	PPA
RDH10	CM054441.2	PTR
REN3A	CM055491.2	PPA
RFPL1	22	HSA
RFPL3	CM068844.1	PAB
RFX8	CM054642.2	Pongo
RGL4	CM068906.1	Pan
RGPD5	CM054446.2	Pan
RHCE	CM055472.2	PPA
RHDF2	CM055457.2	GGO
RHEB	CM055480.2	PPA
RHF2B	CM055495.2	PPA
RHG21	CM055477.2	PPA
RHOA	CM054510.2	SSY
RHOXF2B	CM055495.2	PPA
RHPN2	CM055464.2	GGO
RIGI	CM054511.2	SSY
RIMB1	CM054528.2	SSY
RIMBP3C	CM068951.1	GGO
RL18	CM054630.2	Pongo
RL18A	CM055495.2	PPA
RL22	CM055478.2	PPA
RL30	CM054439.2	PTR
RL34	CM055466.2	GGO
RL38	CM054522.2	SSY
RL39	CM054528.2	SSY
RL4	CM054643.2	PPY
RM45	CM055450.2	GGO
RMI1	CM054648.2	Pongo
RMND5A	2	HSA
RN216	CM054517.2	SSY
RNASE3	14	HSA
RNF17	CM054693.2	PAB
RNF4	CM055472.2	PPA
ROA3	CM054693.2	PAB
ROP1A	CM068950.1	GGO
ROPN1B	CM068843.1	PAB
RP1	CM054440.2	PTR
RP2	CM054522.2	SSY
RPA1	CM054522.2	SSY
RPL38	CM054522.2	SSY
RS10	CM055491.2	PPA
RS15A	CM055472.2	PPA
RS23	CM055479.2	PPA
RS27	CM054650.2	PPY
RS3A	CM054633.2	Pongo
RS5	CM054511.2	SSY
RS6	CM054529.2	SSY
RSAD1	CM054528.2	SSY
RSRP1	1	HSA
RT05	CM055458.2	GGO
RT23	CM054528.2	SSY
RTN3	CM054437.2	PTR
RUFY4	CM054687.2	PAB
RUVB1	CM054534.2	SSY
RWDD3	CM054456.2	Pan
S10AB	CM054444.2	Pan
S17A4	CM055477.2	PPA
S26A4	CM054653.2	Pongo
S29P2	CM054452.2	PTR
S31A1	CM054445.2	Pan
S31D1	CM054445.2	Pan
S35F5	CM068950.1	GGO
S41A3	CM068843.1	PAB
SAA2	11	HSA
SAA2-SAA4	11	HSA
SAFB2	CM055470.2	GGO
SAGE1	CM054457.2	PTR
SAHH	CM055477.2	PPA
SAM11	CM054455.2	PTR
SAV1	CM054528.2	SSY
SBNO2	CM054516.2	SSY
SC6A5	CM054688.2	PAB
SCGB1C2	17	HSA
SCNNB	CM054697.2	PAB
SCNNG	CM054648.2	PPY
SEC22B	CM054434.2	Pan
SENP1	CM055446.2	GGO
SEPHS2	CM055490.2	PPA
SERB	CM054636.2	Pongo
SERF1	CM055476.2	PPA
SERF1A	5	HSA
SF3A3	CM054638.2	PPY
SGSM2	CM054522.2	SSY
SH2B2	CM054440.2	Pan
SH3G1	CM054649.2	PPY
SHCBP1	CM054519.2	SSY
SHISAL1	CM068906.1	Pan
SIN3A	CM054695.2	PAB
SKP2	CM054524.2	SSY
SL9A1	CM054452.2	Pan
SL9B1	CM055496.2	PPA
SLC25A6	CM055496.2	PPA
SLC29A4	7	HSA
SLC33A1	3	HSA
SLC35E2A	1	HSA
SLC35G5	8	HSA
SLC6A5	CM054688.2	PAB
SLC6A8	CM055463.2	GGO
SLX1B	16	HSA
SMN1	5	HSA
SMPD4	CM055485.2	PPA
SNX8	CM055464.2	GGO
SO1B3	CM054444.2	Pan
SOCS6	CM055453.2	GGO
SORC3	CM054644.2	Pongo
SORD	CM054450.2	PTR
SORL	CM055464.2	GGO
SP20H	CM054457.2	PTR
SPACA5B	X	HSA
SPAG11B	8	HSA
SPATA20	CM054528.2	SSY
SPATA31A3	CM054445.2	PTR
SPATA31A6	9	HSA
SPATA31A7	CM055483.2	PPA
SPATA31D4	CM054445.2	PTR
SPD12	CM054440.2	Pan
SPD21	CM054440.2	Pan
SPDE1	CM054440.2	Pan
SPDE2	CM055478.2	PPA
SPDE4	CM054649.2	Pongo
SPDE5	CM055478.2	PPA
SPDE6	CM054649.2	PPY
SPDE7	CM054636.2	Pongo
SPDYE16	CM055478.2	PPA
SPDYE3	CM054440.2	PTR
SPDYE4	CM054649.2	PPY
SPDYE8	CM054440.2	Pan
SPI2B	CM054457.2	Pan
SPSY	CM054440.2	Pan
SPTC3	CM054445.2	PTR
SPTN4	CM068906.1	PTR
SRGAP2B	1	HSA
SRGAP2C	1	HSA
SRPK2	CM054686.2	PAB
SRS11	CM055483.2	PPA
SRSF7	CM054443.2	PTR
SRSF9	CM054644.2	Pongo
SSBP3	CM054701.2	PAB
SSPO	CM054636.2	Pongo
SSX1	CM055469.2	GGO
SSX2	CM054653.2	PPY
SSX2B	X	HSA
SSX2B	X	PPY
SSX2B	X	Pongo
SSX3	CM054653.2	PPY
SSX4B	X	HSA
SSX7	X	HSA
SSX7	X	PPY
ST1A3	CM055464.2	GGO
ST1C3	CM054642.2	PPY
ST1C4	CM054642.2	PPY
STA5A	CM055491.2	PPA
STABP	CM054522.2	SSY
STRAA	CM055472.2	PPA
STRN	2	HSA
SULT1A2	CM055464.2	GGO
SULT1A4	CM055464.2	GGO
SVIL	CM055480.2	PPA
SWAHC	CM068906.1	PTR
SYCY1	CM054642.2	PPY
SYRC	CM054515.2	SSY
SYT15	10	HSA
SYT15	10	PTR
T191A	CM068945.1	PPA
T2R43	CM054444.2	PTR
T53G5	CM054452.2	Pan
TADBP	CM055457.2	GGO
TAF13	CM054533.2	SSY
TAF1D	CM055465.2	GGO
TBA4A	CM068908.1	PPY
TBA8	CM054447.2	PTR
TBB1	CM055477.2	PPA
TBC1D28	17	HSA
TBC1D28	17	Pongo
TBC1D3	CM054649.2	PPY
TBC1D3B	17	HSA
TBC1D3B	17	PPY
TBC1D3B	17	Pongo
TBC1D3D	17	HSA
TBC1D3E	17	HSA
TBC1D3E	17	PPY
TBC1D3G	17	HSA
TBC1D3G	17	PPY
TBC1D3H	17	HSA
TBC1D3I	17	HSA
TBC1D3I	17	PPY
TBC1D3I	17	Pongo
TBC1D3K	17	HSA
TBC1D3K	17	PPY
TBC1D3K	17	Pongo
TBC3F	CM054698.2	PAB
TBC3K	CM054649.2	PPY
TBCD	CM054448.2	Pan
TBCD1	CM055462.2	GGO
TBG1	CM055462.2	GGO
TBL1Y	CM054654.2	PPY
TBX20	CM055482.2	PPA
TCAF1	7	HSA
TCAF2C	7	HSA
TCP4	CM055479.2	PPA
TCPZ	CM054649.2	PPY
TDGF1	CM054518.2	SSY
TEKT1	CM054449.2	Pan
TENS3	CM054649.2	Pongo
TEX14	CM055462.2	GGO
TF2H4	CM054534.2	SSY
TGIF2LY	Y	HSA
THEM4	CM055488.2	PPA
THEM5	CM054516.2	SSY
THOC3	CM055450.2	GGO
TIF1B	CM054650.2	PPY
TIMM23B-AGAP6	10	GGO
TIMM23B-AGAP6	10	HSA
TINCR	CM055466.2	GGO
TITIN	CM055464.2	GGO
TLE6	CM054702.2	PAB
TLK2	CM054453.2	Pan
TM231	CM054648.2	Pongo
TM6S2	CM054702.2	PAB
TMEM185A	X	HSA
TMEM191C	CM068906.1	Pan
TMSB15B	X	HSA
TMX1	CM054445.2	PTR
TN13B	CM054649.2	Pongo
TNFA	CM054697.2	PAB
TNFRSF10D	CM054441.2	PTR
TNN	CM054527.2	SSY
TOM20	CM055481.2	PPA
TOP1	CM055472.2	PPA
TP53TG3C	16	HSA
TP53TG3C	16	PPY
TP53TG3D	CM055490.2	PPA
TP53TG3F	16	HSA
TPM4	CM055482.2	PPA
TPP2	CM054523.2	SSY
TPPP	CM055465.2	GGO
TPTE	21	HSA
TPTE	21	PPA
TPTE2	CM054448.2	PPA
TPTE2	CM054448.2	Pan
TR49D	CM054526.2	SSY
TR64B	CM054514.2	SSY
TRAC	CM054440.2	PTR
TRAF5	CM055476.2	PPA
TRBC2	CM054636.2	PPY
TRI27	CM054454.2	PTR
TRI42	CM054453.2	Pan
TRI52	CM068905.1	PTR
TRIM43	CM054691.2	PAB
TRIM49D1	CM055481.2	PPA
TRIM52	CM068905.1	PTR
TRIM6	CM054633.2	PPY
TRIM61	4	HSA
TRIM73	7	HSA
TRIM73	7	Pongo
TRY2	CM054636.2	PPY
TS1R3	CM055488.2	PPA
TSPY1	Y	HSA
TSPY10	Y	HSA
TSPY3	Y	HSA
TSPY4	Y	HSA
TSPY8	Y	HSA
TSPY8	Y	PPY
TSPY9P	Y	HSA
TTL	2	HSA
TTL11	CM055449.2	GGO
TTYH2	CM054522.2	SSY
TUBA3D	CM054447.2	PTR
TUBA3E	CM054447.2	Pan
TUBB8	CM068908.1	Pongo
TUSC3	CM054679.2	PAB
TV23B	CM054648.2	Pongo
TXD11	CM055464.2	GGO
TXD17	CM054642.2	Pongo
TXNIP	CM054434.2	Pan
TYB4	CM055478.2	PPA
TYW1B	CM055452.2	GGO
U633C	CM054445.2	PTR
UB2D3	CM054519.2	SSY
UB2E1	CM055491.2	PPA
UB2R2	CM054434.2	PTR
UBIP1	CM054449.2	PTR
UBP22	CM055481.2	PPA
UBP5	CM054648.2	Pongo
UBP54	CM054649.2	Pongo
UCHL3	CM054522.2	SSY
UCRI	CM055492.2	PPA
UD3A2	CM054524.2	SSY
UDB10	CM054437.2	PTR
UHRF1	CM054521.2	SSY
UIF	CM055469.2	GGO
ULBP2	CM054439.2	PTR
UN45B	CM054528.2	SSY
UNC93A	6	HSA
UPK3B	CM054440.2	Pan
UQCC3	CM054521.2	SSY
USP17L27	4	HSA
USP41	22	HSA
VAMP7	Y	HSA
VKORC1L1	7	HSA
VPS35	CM054519.2	SSY
VTI1B	CM055475.2	PPA
WAC2A	CM055480.2	PPA
WBP2L	CM055484.2	PPA
WIPI2	CM055450.2	GGO
XAGE1B	X	HSA
XIAP	CM054699.2	PAB
XPO1	CM054522.2	SSY
XRP2	CM054522.2	SSY
YAE1	CM055452.2	GGO
YB057	CM054643.2	Pongo
YF016	CM054439.2	Pan
YH009	CM054692.2	PAB
Z286A	CM055450.2	GGO
Z3H7A	CM055464.2	GGO
Z705A	CM054646.2	Pongo
ZA2G	CM054636.2	PPY
ZBED1	Y	HSA
ZBED1	Y	PPA
ZBT17	CM054699.2	PAB
ZBT21	CM054642.2	PPY
ZBT46	CM054437.2	Pan
ZBT7A	CM054650.2	Pongo
ZC3H11B	CM054434.2	PTR
ZC3H7A	CM055464.2	GGO
ZDH11	CM054434.2	Pan
ZFAT	CM054454.2	Pan
ZMY11	CM054649.2	PPY
ZMY12	CM054644.2	PPY
ZN124	CM054699.2	PAB
ZN131	CM055466.2	GGO
ZN133	CM055466.2	GGO
ZN135	CM054635.2	Pongo
ZN195	CM054633.2	Pongo
ZN239	CM055480.2	PPA
ZN268	CM054521.2	SSY
ZN321	CM054699.2	PAB
ZN345	CM054454.2	PTR
ZN383	CM055466.2	GGO
ZN417	CM054650.2	Pongo
ZN467	CM054636.2	Pongo
ZN473	CM054649.2	PPY
ZN573	CM054650.2	PPY
ZN587	CM054650.2	PPY
ZN593	CM054519.2	SSY
ZN598	CM054692.2	PAB
ZN622	CM054637.2	Pongo
ZN626	CM055492.2	PPA
ZN646	CM068907.1	Pongo
ZN653	CM054699.2	PAB
ZN664	CM054434.2	PTR
ZN682	CM055472.2	PPA
ZN687	CM054447.2	Pan
ZN716	CM054636.2	PPY
ZN765	CM055466.2	GGO
ZNF257	CM054521.2	SSY
ZNF322	6	HSA
ZNF33B	CM054638.2	PPY
ZNF492	19	HSA
ZNF492	19	Pongo
ZNF658	CM054643.2	PPY
ZNF705D	CM054646.2	Pongo
ZNF705E	CM054695.2	PAB
ZNF716	CM054636.2	Pongo
ZNF717	CM054644.2	PPY
ZNF736	CM054685.2	PAB
ZNF74	CM055492.2	PPA
ZNF93	CM054699.2	PAB
ZNG1A	CM054448.2	Pan
ZNHIT3	CM054649.2	PPY
ZNRF2	CM054685.2	PAB
ZSA5A	CM055466.2	GGO
ZXDB	CM054533.2	SSY
ZY11B	CM055479.2	PPA
ZZZ3	CM055466.2	GGO
