gene	chrom	gene_id	gene_type	Bonobo	Chimpanzee	Gibbon	Gorilla	Macaque_indian	Marmoset	Orangutan	Owl_monkey
AC002072	X	ENSG00000286072	lncRNA	0	0	0	0	0	0	1	0
AC004552	X	ENSG00000225071	processed_pseudogene	0	0	0	0	0	1	0	1
AC004674	X	ENSG00000235592	unprocessed_pseudogene	0	0	0	0	0	0	0	1
AC004835	X	ENSG00000230392	lncRNA	0	0	1	0	1	1	1	1
AC004973	X	ENSG00000226661	lncRNA	0	0	0	1	0	0	0	0
AC005002	X	ENSG00000238066	processed_pseudogene	0	0	0	0	0	0	1	0
AC005345	X	ENSG00000236160	processed_pseudogene	0	0	0	0	0	1	0	0
AC006144	X	ENSG00000287379	lncRNA	0	0	0	0	0	0	1	0
AC006210	X	ENSG00000238247	processed_pseudogene	0	0	1	0	0	0	0	0
AC006965	X	ENSG00000224341	processed_pseudogene	0	0	0	0	0	1	0	1
AC073529	X	ENSG00000234129	lncRNA	1	1	0	0	0	0	0	0
AC073614	X	ENSG00000228464	processed_pseudogene	1	1	1	1	1	1	1	1
AC079142	X	ENSG00000285679	lncRNA	0	0	0	0	0	1	0	1
AC079168	X	ENSG00000236487	processed_pseudogene	0	0	0	0	0	1	0	1
AC091806	X	ENSG00000236393	lncRNA	0	0	0	0	0	1	0	0
AC092268	X	ENSG00000287549	lncRNA	0	0	1	0	0	0	0	0
AC097263	X	ENSG00000228519	processed_pseudogene	0	0	0	1	0	0	0	0
AC107419	X	ENSG00000228933	lncRNA	0	0	1	0	0	1	0	1
AC110995	X	ENSG00000236120	lncRNA	0	0	0	0	0	1	0	1
AC112493	X	ENSG00000242021	lncRNA	0	0	0	0	0	1	0	1
AC112495	X	ENSG00000223742	lncRNA	0	0	1	0	0	0	0	0
AC112498	X	ENSG00000236929	processed_pseudogene	0	0	0	0	0	1	0	0
AC112778	X	ENSG00000176812	processed_pseudogene	0	0	0	0	0	1	0	1
AC115618	X	ENSG00000204620	lncRNA	0	0	0	0	0	1	0	1
AC136489	X	ENSG00000229491	lncRNA	0	0	1	0	1	0	0	0
AC231759	X	ENSG00000276474	processed_pseudogene	0	0	0	0	0	0	1	0
AC231760	X	ENSG00000242186	processed_transcript	0	0	0	0	0	0	0	1
AC233289	X	ENSG00000220541	processed_pseudogene	0	0	0	0	0	0	0	1
AC233296	X	ENSG00000280870	lncRNA	0	0	0	0	0	0	1	0
AC233976	X	ENSG00000229151	lncRNA	0	0	0	0	0	0	0	1
AC234775	X	ENSG00000286000	lncRNA	0	0	0	0	0	1	0	0
AC234779	X	ENSG00000227779	processed_pseudogene	0	0	0	0	0	1	0	1
AC236972	X	ENSG00000278803	protein_coding	1	0	1	1	0	0	0	0
AC240504	X	ENSG00000273788	snoRNA	0	0	0	0	0	0	0	1
ADGRG2	X	ENSG00000173698	protein_coding	0	0	0	0	0	1	0	1
ADGRG4	X	ENSG00000156920	protein_coding	0	0	0	0	1	1	0	1
AF274853	X	ENSG00000287918	lncRNA	0	0	0	0	0	1	0	0
AKAP17BP	X	ENSG00000214992	unprocessed_pseudogene	0	0	0	0	1	0	0	0
AL008633	X	ENSG00000225689	lncRNA	0	0	0	0	1	1	0	1
AL022161	X	ENSG00000271094	processed_pseudogene	0	0	0	0	0	1	0	1
AL022718	X	ENSG00000226532	processed_pseudogene	0	0	0	0	0	1	0	1
AL023574	X	ENSG00000285899	lncRNA	0	0	1	0	0	0	0	0
AL023773	X	ENSG00000236205	unprocessed_pseudogene	1	1	0	0	0	0	0	0
AL023877	X	ENSG00000286767	lncRNA	0	0	0	0	1	0	0	0
AL031183	X	ENSG00000235329	processed_pseudogene	1	1	1	1	1	1	1	1
AL034397	X	ENSG00000217835	processed_pseudogene	0	0	0	1	0	0	0	0
AL050309	X	ENSG00000227486	lncRNA	0	0	0	0	0	1	1	0
AL096861	X	ENSG00000274579	processed_pseudogene	0	0	0	0	0	1	0	1
AL109620	X	ENSG00000275508	processed_pseudogene	0	0	0	1	0	0	0	0
AL117327	X	ENSG00000281091	lncRNA	0	0	0	0	1	1	0	1
AL118496	X	ENSG00000233874	processed_pseudogene	0	0	0	0	0	1	0	0
AL136363	X	ENSG00000271056	processed_pseudogene	0	0	0	0	0	0	1	0
AL139811	X	ENSG00000286306	lncRNA	0	0	0	0	1	0	0	0
AL157778	X	ENSG00000281566	lncRNA	0	0	1	0	0	1	1	1
AL354685	X	ENSG00000233887	processed_pseudogene	0	0	1	0	1	1	1	1
AL355309	X	ENSG00000214748	processed_pseudogene	0	0	1	0	1	1	1	1
AL359641	X	ENSG00000252296	snoRNA	0	0	0	0	1	0	0	0
AL359885	X	ENSG00000231875	processed_pseudogene	0	0	0	0	0	0	0	1
AL391358	X	ENSG00000270619	processed_pseudogene	0	0	1	0	1	1	1	1
AL391647	X	ENSG00000238426	misc_RNA	0	0	0	0	0	1	0	0
AL392112	X	ENSG00000271400	processed_pseudogene	0	0	0	0	1	1	0	1
AL445072	X	ENSG00000237208	lncRNA	0	0	1	0	1	1	1	1
AL451105	X	ENSG00000226854	lncRNA	0	0	0	0	0	0	1	0
AL589669	X	ENSG00000284377	lncRNA	0	0	0	0	0	0	1	0
AL591501	X	ENSG00000233928	lncRNA	0	0	1	0	1	0	0	0
AL596268	X	ENSG00000229347	processed_pseudogene	0	0	1	0	0	0	0	0
AL627389	X	ENSG00000234969	processed_pseudogene	0	0	0	1	0	0	0	0
AL662814	X	ENSG00000274631	processed_pseudogene	0	0	0	0	0	1	0	1
AL672138	X	ENSG00000225925	processed_pseudogene	1	1	1	1	1	1	1	1
AL683807	X	ENSG00000223511	lncRNA	0	0	1	0	0	0	0	0
AL713923	X	ENSG00000234712	lncRNA	0	0	0	0	1	1	0	1
AL772284	X	ENSG00000231270	processed_pseudogene	0	0	0	0	0	1	0	0
AL807742	X	ENSG00000283380	lncRNA	0	0	0	0	0	1	0	0
AL844175	X	ENSG00000230668	lncRNA	0	0	0	1	1	0	0	0
AL929302	X	ENSG00000199410	misc_RNA	0	0	1	0	0	0	0	0
AR	X	ENSG00000169083	protein_coding	0	0	1	0	1	1	0	1
ARHGAP4	X	ENSG00000089820	protein_coding	0	0	0	0	0	0	1	0
ARHGEF9	X	ENSG00000131089	protein_coding	0	0	0	0	1	0	1	0
ARMCX4	X	ENSG00000196440	nonsense_mediated_decay	0	0	0	0	1	1	0	1
ARSF	X	ENSG00000062096	protein_coding	0	0	1	0	0	0	0	0
ASS1P4	X	ENSG00000213487	processed_pseudogene	0	0	0	1	0	0	0	0
ATP5MC2P4	X	ENSG00000228847	processed_pseudogene	0	0	0	0	0	1	0	1
ATP5MDP1	X	ENSG00000231549	processed_pseudogene	0	0	0	0	0	0	0	1
BRAFP1	X	ENSG00000224775	unprocessed_pseudogene	0	0	0	0	0	0	1	0
BRCC3	X	ENSG00000185515	protein_coding	0	0	0	0	1	0	0	0
BX119917	X	ENSG00000225471	transcribed_processed_pseudogene	0	0	0	0	0	1	0	1
BX322650	X	ENSG00000183171	processed_pseudogene	0	0	0	0	0	1	0	1
BX323845	X	ENSG00000229037	processed_pseudogene	0	0	0	0	0	1	0	1
BX510359	X	ENSG00000224556	unprocessed_pseudogene	0	0	1	0	0	0	1	0
BX546450	X	ENSG00000214915	lncRNA	0	0	0	0	0	1	0	1
BX890604	X	ENSG00000285756	lncRNA	0	0	1	0	0	0	0	0
CA5B	X	ENSG00000169239	protein_coding	0	0	0	0	1	1	0	1
CALM1P1	X	ENSG00000223467	processed_pseudogene	0	0	0	0	1	0	0	0
CAPZA1P	X	ENSG00000230956	processed_pseudogene	0	0	0	1	0	0	0	0
CBX1P1	X	ENSG00000230823	processed_pseudogene	0	0	0	0	1	0	0	0
CCNB3	X	ENSG00000147082	protein_coding	0	0	0	0	1	1	0	1
CD99P1	X	ENSG00000223773	retained_intron	0	0	0	0	1	0	1	0
CKS1BP6	X	ENSG00000178556	processed_pseudogene	0	0	0	0	1	1	0	1
CPXCR1	X	ENSG00000147183	protein_coding	0	0	1	0	1	1	1	1
CXXC1P1	X	ENSG00000187893	transcribed_unprocessed_pseudogene	0	0	0	0	0	1	0	0
CYLC1	X	ENSG00000183035	protein_coding	0	0	0	0	0	1	0	0
DANT2	X	ENSG00000235244	lncRNA	0	1	1	0	0	0	0	0
DDX3X	X	ENSG00000215301	protein_coding	0	0	0	0	0	0	0	1
DDX53	X	ENSG00000184735	protein_coding	0	0	0	0	0	0	0	1
DGKK	X	ENSG00000274588	protein_coding	0	0	0	0	0	1	0	1
DIAPH2-AS1	X	ENSG00000236256	lncRNA	0	0	0	0	1	1	0	1
EDA	X	ENSG00000158813	protein_coding	0	0	0	0	1	0	0	0
EEF1A1P30	X	ENSG00000237757	processed_pseudogene	0	0	0	0	0	1	0	1
EEF1A1P40	X	ENSG00000231144	processed_pseudogene	0	0	0	0	1	0	0	0
ETDC	X	ENSG00000283644	protein_coding	0	0	0	0	0	0	1	0
EZHIP	X	ENSG00000187690	protein_coding	0	0	0	0	0	0	0	1
F8	X	ENSG00000185010	protein_coding	0	0	0	0	0	1	0	1
FAM122C	X	ENSG00000156500	protein_coding	0	0	0	0	0	1	0	1
FAM156A	X	ENSG00000268350	protein_coding	0	0	0	0	1	0	0	1
FAM156B	X	ENSG00000179304	protein_coding	0	0	0	0	1	0	0	1
FAM3C2	X	ENSG00000174028	processed_pseudogene	1	1	1	1	1	1	1	1
FAM47A	X	ENSG00000185448	protein_coding	0	0	0	0	0	0	0	1
FAM47B	X	ENSG00000189132	protein_coding	0	0	0	0	0	0	0	1
FAM47C	X	ENSG00000198173	protein_coding	0	0	0	1	0	0	0	0
FAM9A	X	ENSG00000183304	protein_coding	0	0	0	0	1	0	0	1
FAM9C	X	ENSG00000187268	protein_coding	0	0	0	0	0	1	0	1
FDPSP5	X	ENSG00000215035	processed_pseudogene	0	0	0	0	0	1	0	1
FHL1	X	ENSG00000022267	protein_coding	0	0	0	0	0	0	0	1
FIRRE	X	ENSG00000213468	lncRNA	0	0	0	0	1	1	0	1
FMR1NB	X	ENSG00000176988	protein_coding	0	0	0	0	0	1	0	0
FTX	X	ENSG00000230590	lncRNA	0	0	1	0	1	0	0	0
GAPDHP1	X	ENSG00000228232	processed_pseudogene	0	0	0	0	1	1	0	1
GAPDHP65	X	ENSG00000235587	processed_pseudogene	0	0	0	0	0	0	0	1
GCNA	X	ENSG00000147174	protein_coding	0	0	0	0	0	0	0	1
GDPD2	X	ENSG00000130055	protein_coding	0	0	0	0	0	0	1	0
GLUD2	X	ENSG00000182890	protein_coding	0	0	0	0	1	1	0	1
GPX1P1	X	ENSG00000197582	processed_pseudogene	0	0	1	0	1	1	1	1
H2BP8	X	ENSG00000235976	processed_pseudogene	0	0	0	1	0	0	0	0
H3P47	X	ENSG00000179101	processed_pseudogene	0	0	0	0	1	1	0	1
HNRNPA1P27	X	ENSG00000233680	processed_pseudogene	0	0	0	0	0	1	0	1
HNRNPA1P28	X	ENSG00000230170	processed_pseudogene	0	0	0	0	0	1	0	1
HNRNPA3P3	X	ENSG00000214653	processed_pseudogene	0	0	0	0	1	1	0	1
HNRNPH3P1	X	ENSG00000230247	processed_pseudogene	0	0	0	0	1	0	0	0
HSPA8P20	X	ENSG00000234564	processed_pseudogene	0	0	0	0	1	0	0	0
IDS	X	ENSG00000010404	protein_coding	0	0	0	0	1	0	0	0
IGSF1	X	ENSG00000147255	protein_coding	0	0	1	0	1	1	0	1
JPX	X	ENSG00000225470	lncRNA	0	0	1	0	0	0	0	0
KANTR	X	ENSG00000232593	processed_transcript	0	0	0	0	0	1	0	1
KIAA1210	X	ENSG00000250423	protein_coding	0	0	0	0	0	1	0	1
LINC00630	X	ENSG00000223546	lncRNA	0	0	1	0	0	0	0	1
LINC00632	X	ENSG00000203930	lncRNA	0	0	1	0	0	1	0	1
LINC00850	X	ENSG00000280752	lncRNA	0	0	0	0	1	0	0	0
LINC00894	X	ENSG00000235703	lncRNA	0	0	0	0	0	1	0	0
LINC01204	X	ENSG00000229563	lncRNA	0	0	0	0	0	1	0	1
LINC01278	X	ENSG00000235437	lncRNA	0	0	0	0	1	1	0	1
LINC01282	X	ENSG00000236747	lncRNA	0	0	0	0	1	0	0	0
LINC01285	X	ENSG00000203650	lncRNA	0	0	0	1	0	1	0	0
LINC01456	X	ENSG00000225882	lncRNA	0	0	1	0	1	1	1	1
LINC01545	X	ENSG00000204904	lncRNA	0	0	0	0	0	1	0	1
LINC01546	X	ENSG00000228459	lncRNA	0	0	0	0	0	1	0	1
LINC02154	X	ENSG00000235385	lncRNA	0	0	0	0	0	1	0	1
LUZP4	X	ENSG00000102021	protein_coding	0	0	0	0	0	1	0	0
MAGEA10-MAGEA5	X	ENSG00000266560	lncRNA	0	0	1	0	0	0	0	0
MAGEA4-AS1	X	ENSG00000229967	lncRNA	0	0	0	0	0	1	0	1
MAGEB16	X	ENSG00000189023	protein_coding	0	0	0	0	1	0	0	0
MAGEB17	X	ENSG00000182798	protein_coding	0	0	0	0	0	1	0	0
MAGEB3	X	ENSG00000198798	protein_coding	0	0	1	0	1	1	0	1
MAGEB5	X	ENSG00000188408	protein_coding	0	0	1	0	0	1	0	1
MAGEB6	X	ENSG00000176746	protein_coding	0	0	0	0	1	1	0	1
MAGEC1	X	ENSG00000155495	protein_coding	1	1	0	0	1	0	0	0
MAGEC3	X	ENSG00000165509	protein_coding	0	0	0	0	0	0	0	1
MCTS1	X	ENSG00000232119	processed_transcript	0	0	0	0	0	1	0	1
MID1	X	ENSG00000101871	protein_coding	0	0	0	0	1	1	0	1
MIR1321	X	ENSG00000283435	miRNA	0	0	0	0	1	0	0	0
MKI67P1	X	ENSG00000270499	processed_pseudogene	0	0	0	0	0	0	0	1
MORF4L1P5	X	ENSG00000231857	processed_pseudogene	0	0	1	0	0	0	0	0
MORF4L1P6	X	ENSG00000233162	processed_pseudogene	0	0	1	0	0	0	0	0
MRRFP1	X	ENSG00000224236	processed_pseudogene	0	0	0	0	1	0	0	1
NAP1L3	X	ENSG00000186310	protein_coding	0	0	0	0	0	1	0	1
NKAPP1	X	ENSG00000233382	processed_transcript	0	0	0	0	1	0	1	0
NKRF	X	ENSG00000186416	protein_coding	0	0	0	0	0	0	0	1
NPM1P9	X	ENSG00000231066	processed_pseudogene	0	0	0	0	0	1	0	1
NUS1P1	X	ENSG00000235636	processed_pseudogene	0	0	1	0	0	0	0	0
NXT2	X	ENSG00000101888	protein_coding	0	0	0	0	0	0	0	1
PASD1	X	ENSG00000166049	protein_coding	0	0	0	0	0	0	0	1
PINCR	X	ENSG00000224294	lncRNA	0	0	1	0	0	0	0	1
PPP1R11P2	X	ENSG00000231765	processed_pseudogene	0	0	0	0	0	0	1	0
PPP4R3C	X	ENSG00000224960	protein_coding	0	0	0	0	0	1	0	1
PYY3	X	ENSG00000181977	processed_pseudogene	0	0	0	0	0	1	0	0
RBMX2P2	X	ENSG00000213423	processed_pseudogene	0	0	0	0	1	1	0	1
RHOXF1P2	X	ENSG00000282850	unprocessed_pseudogene	1	0	0	0	0	0	0	0
RN7SKP149	X	ENSG00000199878	misc_RNA	0	0	0	0	1	0	0	0
RNA5SP510	X	ENSG00000201567	rRNA_pseudogene	0	0	0	0	0	0	1	0
RNA5SP511	X	ENSG00000222419	rRNA_pseudogene	0	0	1	0	0	0	0	0
RNA5SP517	X	ENSG00000201594	rRNA_pseudogene	0	0	1	0	0	0	0	0
RNU1-112P	X	ENSG00000201271	snRNA	0	0	0	0	0	1	0	1
RNU1-57P	X	ENSG00000207220	snRNA	0	0	0	0	0	1	0	0
RNU6-1130P	X	ENSG00000202304	snRNA	0	0	0	0	0	0	0	1
RNU6-30P	X	ENSG00000207291	snRNA	0	0	0	0	0	1	0	1
RNU6-3P	X	ENSG00000207041	snRNA	0	0	0	0	0	0	0	1
RNU6-867P	X	ENSG00000201826	snRNA	0	0	1	0	0	0	0	0
RNU6-985P	X	ENSG00000222114	snRNA	0	0	0	0	0	1	0	1
RNU7-69P	X	ENSG00000252178	snRNA	0	0	0	0	0	1	0	1
RPL19P20	X	ENSG00000229168	processed_pseudogene	0	0	0	0	1	0	0	0
RPL22P22	X	ENSG00000213653	processed_pseudogene	0	0	1	0	0	0	0	0
RPS23P8	X	ENSG00000230629	processed_pseudogene	0	0	1	1	1	1	1	1
RPS2P55	X	ENSG00000216866	processed_pseudogene	0	0	0	0	0	1	0	1
RPS7P14	X	ENSG00000213695	processed_pseudogene	0	0	0	0	0	0	0	1
RPSAP15	X	ENSG00000237506	processed_pseudogene	1	1	0	0	0	0	0	0
RPSAP61	X	ENSG00000214016	processed_pseudogene	0	0	0	0	0	1	0	1
RTL9	X	ENSG00000243978	protein_coding	0	0	0	0	0	1	0	1
SAGE1	X	ENSG00000181433	protein_coding	0	0	0	0	1	0	0	0
SAGE2P	X	ENSG00000198022	unprocessed_pseudogene	0	0	0	1	0	0	0	0
SAGE3P	X	ENSG00000277486	unprocessed_pseudogene	0	0	1	0	0	0	0	0
SATL1	X	ENSG00000184788	protein_coding	0	0	0	0	0	1	0	1
SDCBPP3	X	ENSG00000232801	processed_pseudogene	0	0	0	0	0	1	0	1
SEPHS1P4	X	ENSG00000230146	processed_pseudogene	0	0	1	0	0	0	0	0
SERPINA7	X	ENSG00000123561	protein_coding	0	0	0	0	0	0	0	1
SOCS5P4	X	ENSG00000227536	processed_pseudogene	0	0	0	0	0	1	0	1
SPANXA2-OT1	X	ENSG00000277215	lncRNA	0	0	0	0	1	0	0	0
SPANXN4	X	ENSG00000189326	protein_coding	0	0	0	0	0	1	0	1
SPIN2A	X	ENSG00000147059	protein_coding	0	0	1	0	0	0	0	0
SPRYD7P1	X	ENSG00000234404	processed_pseudogene	0	0	1	0	0	0	0	0
SRPK3	X	ENSG00000184343	protein_coding	0	0	0	0	1	0	0	0
SRRM1P3	X	ENSG00000237307	processed_pseudogene	0	0	0	0	1	0	0	0
ST13P18	X	ENSG00000234322	processed_pseudogene	0	0	0	0	1	1	0	1
STS	X	ENSG00000101846	protein_coding	0	0	0	0	1	1	1	1
SYTL4	X	ENSG00000102362	protein_coding	0	0	0	0	0	1	0	1
TBC1D8B	X	ENSG00000133138	protein_coding	1	1	1	1	1	1	1	1
TCP11X2	X	ENSG00000215029	protein_coding	0	0	0	0	0	0	0	1
TKTL1	X	ENSG00000007350	protein_coding	0	0	0	0	0	0	0	1
TMSB15B	X	ENSG00000269226	protein_coding	0	0	0	0	0	1	0	1
TRPC5OS	X	ENSG00000204025	protein_coding	0	0	1	0	0	0	0	0
UBE2NL	X	ENSG00000276380	polymorphic_pseudogene	0	0	0	0	0	1	0	1
UBE2V1P9	X	ENSG00000229667	processed_pseudogene	0	0	0	1	0	0	0	0
VBP1	X	ENSG00000155959	protein_coding	0	0	1	0	0	0	0	0
WASF4P	X	ENSG00000188459	processed_pseudogene	0	0	0	0	1	0	0	0
WNK3	X	ENSG00000196632	protein_coding	0	0	0	0	0	1	0	1
XACT	X	ENSG00000241743	lncRNA	0	0	0	0	1	1	0	1
XRCC6P2	X	ENSG00000234825	processed_pseudogene	0	0	0	0	1	1	0	1
Z75741	X	ENSG00000224548	processed_pseudogene	0	0	0	0	0	1	0	1
Z82195	X	ENSG00000274775	transcribed_unprocessed_pseudogene	0	0	0	0	0	1	1	1
Z83820	X	ENSG00000230781	unitary_pseudogene	0	0	0	0	1	0	0	0
Z93242	X	ENSG00000227873	processed_pseudogene	0	0	1	0	0	0	0	0
Z93403	X	ENSG00000231772	lncRNA	0	0	0	0	0	1	0	0
Z95327	X	ENSG00000238116	processed_pseudogene	1	1	0	0	0	0	0	0
Z96811	X	ENSG00000230478	processed_pseudogene	0	0	0	0	0	1	0	1
ZFRP1	X	ENSG00000234570	processed_pseudogene	0	0	1	0	0	0	0	0
ZMAT1	X	ENSG00000166432	protein_coding	0	0	0	0	0	1	0	1
ZNF185	X	ENSG00000147394	protein_coding	0	0	0	0	0	1	0	0
ZNF280C	X	ENSG00000056277	protein_coding	1	1	0	0	0	0	0	0
ZNF630	X	ENSG00000221994	nonsense_mediated_decay	0	0	0	0	0	1	0	1
