query_gene	chrom	gene_id	gene_type	lineage
ABCA10		ENSG00000154263	protein_coding	Gibbon
ABCA10		ENSG00000154263	protein_coding	Owl_monkey
ABCA9		ENSG00000154258	protein_coding	Gibbon
ABCA9		ENSG00000154258	protein_coding	Marmoset
ABCA9		ENSG00000154258	protein_coding	Owl_monkey
ABCC12		ENSG00000140798	protein_coding	Marmoset
ABCC12		ENSG00000140798	protein_coding	Owl_monkey
ABCG1		ENSG00000160179	protein_coding	Gibbon
ABCG1		ENSG00000160179	protein_coding	Marmoset
AC007846		ENSG00000285471	protein_coding	Gibbon
AC007846		ENSG00000285471	protein_coding	Macaque_indian
AC007846		ENSG00000285471	protein_coding	Marmoset
AC007846		ENSG00000285471	protein_coding	Owl_monkey
ACAN		ENSG00000157766	protein_coding	Gibbon
ACAN		ENSG00000157766	protein_coding	Macaque_indian
ACAN		ENSG00000157766	protein_coding	Marmoset
ACAN		ENSG00000157766	protein_coding	Owl_monkey
ACYP2		ENSG00000170634	protein_coding	Macaque_indian
ACYP2		ENSG00000170634	protein_coding	Marmoset
ACYP2		ENSG00000170634	protein_coding	Owl_monkey
ADGRG4		ENSG00000156920	protein_coding	Macaque_indian
ADGRG4		ENSG00000156920	protein_coding	Marmoset
ADGRG4		ENSG00000156920	protein_coding	Owl_monkey
AHNAK		ENSG00000124942	protein_coding	Gibbon
AHNAK		ENSG00000124942	protein_coding	Orangutan
AHNAK		ENSG00000124942	protein_coding	Owl_monkey
AIMP2		ENSG00000106305	protein_coding	Bonobo
AIMP2		ENSG00000106305	protein_coding	Chimpanzee
AKAP1		ENSG00000121057	protein_coding	Gibbon
AKAP1		ENSG00000121057	protein_coding	Marmoset
AKAP1		ENSG00000121057	protein_coding	Owl_monkey
ALG8		ENSG00000159063	protein_coding	Macaque_indian
ALG8		ENSG00000159063	protein_coding	Marmoset
ALG8		ENSG00000159063	protein_coding	Owl_monkey
ALLC		ENSG00000151360	protein_coding	Marmoset
ALLC		ENSG00000151360	protein_coding	Owl_monkey
ANKAR		ENSG00000151687	protein_coding	Marmoset
ANKAR		ENSG00000151687	protein_coding	Owl_monkey
ARHGEF9		ENSG00000131089	protein_coding	Macaque_indian
ARHGEF9		ENSG00000131089	protein_coding	Orangutan
ATAD3C		ENSG00000215915	protein_coding	Bonobo
ATAD3C		ENSG00000215915	protein_coding	Chimpanzee
ATAD3C		ENSG00000215915	protein_coding	Orangutan
ATP11A		ENSG00000068650	protein_coding	Gorilla
ATP11A		ENSG00000068650	protein_coding	Marmoset
C2ORF16		ENSG00000221843	protein_coding	Gibbon
C2ORF16		ENSG00000221843	protein_coding	Marmoset
C9ORF131		ENSG00000174038	protein_coding	Marmoset
C9ORF131		ENSG00000174038	protein_coding	Owl_monkey
C9ORF43		ENSG00000157653	protein_coding	Chimpanzee
C9ORF43		ENSG00000157653	protein_coding	Marmoset
C9ORF85		ENSG00000155621	protein_coding	Marmoset
C9ORF85		ENSG00000155621	protein_coding	Owl_monkey
CALD1		ENSG00000122786	protein_coding	Gibbon
CALD1		ENSG00000122786	protein_coding	Owl_monkey
CCDC163		ENSG00000280670	protein_coding	Gibbon
CCDC163		ENSG00000280670	protein_coding	Gorilla
CCDC163		ENSG00000280670	protein_coding	Macaque_indian
CCDC163		ENSG00000280670	protein_coding	Marmoset
CCDC163		ENSG00000280670	protein_coding	Orangutan
CCDC163		ENSG00000280670	protein_coding	Owl_monkey
CCDC168		ENSG00000175820	protein_coding	Macaque_indian
CCDC168		ENSG00000175820	protein_coding	Marmoset
CCDC168		ENSG00000175820	protein_coding	Owl_monkey
CCDC187		ENSG00000260220	protein_coding	Gibbon
CCDC187		ENSG00000260220	protein_coding	Marmoset
CCDC30		ENSG00000186409	protein_coding	Gibbon
CCDC30		ENSG00000186409	protein_coding	Marmoset
CCDC40		ENSG00000141519	protein_coding	Bonobo
CCDC40		ENSG00000141519	protein_coding	Chimpanzee
CCDC40		ENSG00000141519	protein_coding	Owl_monkey
CCDC7		ENSG00000216937	protein_coding	Gibbon
CCDC7		ENSG00000216937	protein_coding	Orangutan
CCNB3		ENSG00000147082	protein_coding	Macaque_indian
CCNB3		ENSG00000147082	protein_coding	Marmoset
CCNB3		ENSG00000147082	protein_coding	Owl_monkey
CD200R1L		ENSG00000206531	protein_coding	Marmoset
CD200R1L		ENSG00000206531	protein_coding	Owl_monkey
CD55		ENSG00000196352	protein_coding	Macaque_indian
CD55		ENSG00000196352	protein_coding	Owl_monkey
CENPF		ENSG00000117724	protein_coding	Marmoset
CES4A		ENSG00000172824	protein_coding	Gibbon
CES4A		ENSG00000172824	protein_coding	Macaque_indian
CHI3L2		ENSG00000064886	protein_coding	Marmoset
CHI3L2		ENSG00000064886	protein_coding	Owl_monkey
CLEC12A		ENSG00000172322	protein_coding	Gorilla
CLEC12A		ENSG00000172322	protein_coding	Macaque_indian
CRYBG3		ENSG00000080200	protein_coding	Gorilla
CRYBG3		ENSG00000080200	protein_coding	Marmoset
CRYBG3		ENSG00000080200	protein_coding	Owl_monkey
DEDD		ENSG00000158796	protein_coding	Marmoset
DEDD		ENSG00000158796	protein_coding	Owl_monkey
DNAH12		ENSG00000174844	protein_coding	Macaque_indian
DNAH12		ENSG00000174844	protein_coding	Marmoset
DNAH12		ENSG00000174844	protein_coding	Orangutan
DNAH14		ENSG00000185842	protein_coding	Macaque_indian
DNAH14		ENSG00000185842	protein_coding	Owl_monkey
DNAH17		ENSG00000187775	protein_coding	Macaque_indian
DNAH17		ENSG00000187775	protein_coding	Owl_monkey
DNAH3		ENSG00000158486	protein_coding	Macaque_indian
DNAH3		ENSG00000158486	protein_coding	Owl_monkey
EFCAB13		ENSG00000178852	protein_coding	Gibbon
EFCAB13		ENSG00000178852	protein_coding	Macaque_indian
EHBP1L1		ENSG00000173442	protein_coding	Marmoset
EHBP1L1		ENSG00000173442	protein_coding	Owl_monkey
ELMOD3		ENSG00000115459	protein_coding	Marmoset
ELMOD3		ENSG00000115459	protein_coding	Owl_monkey
ELN		ENSG00000049540	protein_coding	Orangutan
ELN		ENSG00000049540	protein_coding	Owl_monkey
ELOA2		ENSG00000206181	protein_coding	Gibbon
F5		ENSG00000198734	protein_coding	Macaque_indian
F5		ENSG00000198734	protein_coding	Owl_monkey
F8		ENSG00000185010	protein_coding	Marmoset
F8		ENSG00000185010	protein_coding	Owl_monkey
FAM186A		ENSG00000185958	protein_coding	Macaque_indian
FAM186A		ENSG00000185958	protein_coding	Marmoset
FAM186A		ENSG00000185958	protein_coding	Owl_monkey
FBXO27		ENSG00000161243	protein_coding	Gibbon
FBXO27		ENSG00000161243	protein_coding	Gorilla
FGL1		ENSG00000104760	protein_coding	Gibbon
FGL1		ENSG00000104760	protein_coding	Macaque_indian
FGL1		ENSG00000104760	protein_coding	Marmoset
FGL1		ENSG00000104760	protein_coding	Owl_monkey
FHL2		ENSG00000115641	protein_coding	Marmoset
FHL2		ENSG00000115641	protein_coding	Owl_monkey
FSCB		ENSG00000189139	protein_coding	Marmoset
FUT2		ENSG00000176920	protein_coding	Macaque_indian
FUT2		ENSG00000176920	protein_coding	Marmoset
FUT2		ENSG00000176920	protein_coding	Owl_monkey
FZR1		ENSG00000105325	protein_coding	Gibbon
FZR1		ENSG00000105325	protein_coding	Macaque_indian
FZR1		ENSG00000105325	protein_coding	Marmoset
FZR1		ENSG00000105325	protein_coding	Orangutan
FZR1		ENSG00000105325	protein_coding	Owl_monkey
GEMIN6		ENSG00000152147	protein_coding	Gibbon
GEMIN6		ENSG00000152147	protein_coding	Marmoset
GEMIN6		ENSG00000152147	protein_coding	Owl_monkey
GLT6D1		ENSG00000204007	protein_coding	Bonobo
GLT6D1		ENSG00000204007	protein_coding	Chimpanzee
GLT6D1		ENSG00000204007	protein_coding	Gorilla
GPR142		ENSG00000257008	protein_coding	Macaque_indian
GPR142		ENSG00000257008	protein_coding	Owl_monkey
HAP1		ENSG00000173805	protein_coding	Macaque_indian
HAP1		ENSG00000173805	protein_coding	Owl_monkey
HELLS		ENSG00000119969	protein_coding	Macaque_indian
HELLS		ENSG00000119969	protein_coding	Owl_monkey
HTR3D		ENSG00000186090	protein_coding	Chimpanzee
HTR3D		ENSG00000186090	protein_coding	Gibbon
HTR3D		ENSG00000186090	protein_coding	Marmoset
HTR3D		ENSG00000186090	protein_coding	Owl_monkey
IGSF1		ENSG00000147255	protein_coding	Gibbon
IGSF1		ENSG00000147255	protein_coding	Macaque_indian
IGSF1		ENSG00000147255	protein_coding	Marmoset
IGSF1		ENSG00000147255	protein_coding	Owl_monkey
ING5		ENSG00000168395	protein_coding	Gorilla
ING5		ENSG00000168395	protein_coding	Macaque_indian
IQCN		ENSG00000130518	protein_coding	Gorilla
IQCN		ENSG00000130518	protein_coding	Marmoset
IQCN		ENSG00000130518	protein_coding	Owl_monkey
KIF19		ENSG00000196169	protein_coding	Gibbon
KMT2D		ENSG00000167548	protein_coding	Marmoset
KMT2D		ENSG00000167548	protein_coding	Owl_monkey
KRBA1		ENSG00000133619	protein_coding	Marmoset
KRBA1		ENSG00000133619	protein_coding	Owl_monkey
LIPJ		ENSG00000204022	protein_coding	Marmoset
LIPJ		ENSG00000204022	protein_coding	Owl_monkey
MAGEB5		ENSG00000188408	protein_coding	Gibbon
MAGEB5		ENSG00000188408	protein_coding	Marmoset
MAGEB5		ENSG00000188408	protein_coding	Owl_monkey
MAGEC1		ENSG00000155495	protein_coding	Bonobo
MAGEC1		ENSG00000155495	protein_coding	Chimpanzee
MAGEC1		ENSG00000155495	protein_coding	Macaque_indian
MED18		ENSG00000130772	protein_coding	Owl_monkey
METRN		ENSG00000103260	protein_coding	Marmoset
MGAM2		ENSG00000257743	protein_coding	Marmoset
MGAM2		ENSG00000257743	protein_coding	Owl_monkey
MGAT4D		ENSG00000205301	protein_coding	Gibbon
MGAT4D		ENSG00000205301	protein_coding	Marmoset
MIA3		ENSG00000154305	protein_coding	Macaque_indian
MIA3		ENSG00000154305	protein_coding	Marmoset
MLLT10		ENSG00000078403	protein_coding	Marmoset
MLLT10		ENSG00000078403	protein_coding	Owl_monkey
MRLN		ENSG00000227877	protein_coding	Gibbon
MRLN		ENSG00000227877	protein_coding	Marmoset
MRLN		ENSG00000227877	protein_coding	Owl_monkey
MROH2A		ENSG00000185038	protein_coding	Bonobo
MROH2A		ENSG00000185038	protein_coding	Chimpanzee
MROH2A		ENSG00000185038	protein_coding	Gibbon
MROH2A		ENSG00000185038	protein_coding	Marmoset
MUC16		ENSG00000181143	protein_coding	Gibbon
MUC16		ENSG00000181143	protein_coding	Macaque_indian
MUC16		ENSG00000181143	protein_coding	Marmoset
MUC16		ENSG00000181143	protein_coding	Owl_monkey
MUC22		ENSG00000261272	protein_coding	Macaque_indian
MUC22		ENSG00000261272	protein_coding	Marmoset
MUC22		ENSG00000261272	protein_coding	Owl_monkey
MUC4		ENSG00000145113	protein_coding	Bonobo
MUC4		ENSG00000145113	protein_coding	Chimpanzee
MUC5B		ENSG00000117983	protein_coding	Marmoset
MUC5B		ENSG00000117983	protein_coding	Orangutan
MUC5B		ENSG00000117983	protein_coding	Owl_monkey
NLN		ENSG00000123213	protein_coding	Gibbon
NLN		ENSG00000123213	protein_coding	Marmoset
NRG4		ENSG00000169752	protein_coding	Gorilla
NRG4		ENSG00000169752	protein_coding	Macaque_indian
OOSP3		ENSG00000285231	protein_coding	Gorilla
OOSP3		ENSG00000285231	protein_coding	Macaque_indian
OR2T10		ENSG00000184022	protein_coding	Bonobo
OR2T10		ENSG00000184022	protein_coding	Chimpanzee
OR2T10		ENSG00000184022	protein_coding	Gibbon
OR2T10		ENSG00000184022	protein_coding	Macaque_indian
PER3		ENSG00000049246	protein_coding	Marmoset
PER3		ENSG00000049246	protein_coding	Owl_monkey
PKD1L1		ENSG00000158683	protein_coding	Gibbon
PKD1L1		ENSG00000158683	protein_coding	Macaque_indian
PKD1L1		ENSG00000158683	protein_coding	Marmoset
PKD1L1		ENSG00000158683	protein_coding	Orangutan
PKD1L1		ENSG00000158683	protein_coding	Owl_monkey
PLEKHG4B		ENSG00000153404	protein_coding	Gibbon
PLEKHG4B		ENSG00000153404	protein_coding	Macaque_indian
PPP1R14D		ENSG00000166143	protein_coding	Marmoset
PPP1R14D		ENSG00000166143	protein_coding	Owl_monkey
PSORS1C1		ENSG00000204540	protein_coding	Gibbon
PSORS1C1		ENSG00000204540	protein_coding	Owl_monkey
PTGFR		ENSG00000122420	protein_coding	Gibbon
QRICH2		ENSG00000129646	protein_coding	Marmoset
QRICH2		ENSG00000129646	protein_coding	Owl_monkey
RBM12		ENSG00000244462	protein_coding	Marmoset
RTL9		ENSG00000243978	protein_coding	Marmoset
RTL9		ENSG00000243978	protein_coding	Owl_monkey
SATL1		ENSG00000184788	protein_coding	Marmoset
SATL1		ENSG00000184788	protein_coding	Owl_monkey
SCLT1		ENSG00000151466	protein_coding	Gorilla
SCLT1		ENSG00000151466	protein_coding	Owl_monkey
SEM1		ENSG00000127922	protein_coding	Gibbon
SEM1		ENSG00000127922	protein_coding	Marmoset
SEM1		ENSG00000127922	protein_coding	Owl_monkey
SERINC5		ENSG00000164300	protein_coding	Macaque_indian
SERINC5		ENSG00000164300	protein_coding	Marmoset
SERINC5		ENSG00000164300	protein_coding	Owl_monkey
SH3BP5		ENSG00000131370	protein_coding	Macaque_indian
SH3BP5		ENSG00000131370	protein_coding	Marmoset
SH3BP5		ENSG00000131370	protein_coding	Owl_monkey
SMCO2		ENSG00000165935	protein_coding	Bonobo
SMCO2		ENSG00000165935	protein_coding	Marmoset
SMCO2		ENSG00000165935	protein_coding	Owl_monkey
SNX9		ENSG00000130340	protein_coding	Macaque_indian
SNX9		ENSG00000130340	protein_coding	Marmoset
SNX9		ENSG00000130340	protein_coding	Owl_monkey
SPATA21		ENSG00000187144	protein_coding	Gibbon
SPATA21		ENSG00000187144	protein_coding	Gorilla
SPHK1		ENSG00000176170	protein_coding	Gorilla
SPHK1		ENSG00000176170	protein_coding	Marmoset
SPHK1		ENSG00000176170	protein_coding	Owl_monkey
SPRYD7		ENSG00000123178	protein_coding	Marmoset
SPRYD7		ENSG00000123178	protein_coding	Owl_monkey
STARD9		ENSG00000159433	protein_coding	Marmoset
STARD9		ENSG00000159433	protein_coding	Owl_monkey
SUOX		ENSG00000139531	protein_coding	Gibbon
SUOX		ENSG00000139531	protein_coding	Macaque_indian
SUOX		ENSG00000139531	protein_coding	Marmoset
SUOX		ENSG00000139531	protein_coding	Owl_monkey
TAAR6		ENSG00000146383	protein_coding	Gibbon
TAAR6		ENSG00000146383	protein_coding	Marmoset
TCF4		ENSG00000196628	protein_coding	Owl_monkey
TCHH		ENSG00000159450	protein_coding	Marmoset
TCHH		ENSG00000159450	protein_coding	Owl_monkey
TPRG1		ENSG00000188001	protein_coding	Macaque_indian
TPRG1		ENSG00000188001	protein_coding	Marmoset
TPRG1		ENSG00000188001	protein_coding	Owl_monkey
TRIB3		ENSG00000101255	protein_coding	Chimpanzee
TRIB3		ENSG00000101255	protein_coding	Macaque_indian
TRMT13		ENSG00000122435	protein_coding	Marmoset
TSBP1		ENSG00000204296	protein_coding	Owl_monkey
TTC23		ENSG00000103852	protein_coding	Bonobo
TTC23		ENSG00000103852	protein_coding	Chimpanzee
TTC23		ENSG00000103852	protein_coding	Marmoset
TTC23		ENSG00000103852	protein_coding	Owl_monkey
TTC33		ENSG00000113638	protein_coding	Marmoset
TTC33		ENSG00000113638	protein_coding	Owl_monkey
UGT2A1		ENSG00000173610	protein_coding	Gibbon
UGT2A1		ENSG00000173610	protein_coding	Orangutan
UMODL1		ENSG00000177398	protein_coding	Marmoset
UMODL1		ENSG00000177398	protein_coding	Owl_monkey
USP30		ENSG00000135093	protein_coding	Macaque_indian
USP30		ENSG00000135093	protein_coding	Marmoset
USP30		ENSG00000135093	protein_coding	Owl_monkey
USP50		ENSG00000170236	protein_coding	Gibbon
USP50		ENSG00000170236	protein_coding	Owl_monkey
UXS1		ENSG00000115652	protein_coding	Marmoset
VGLL3		ENSG00000206538	protein_coding	Gibbon
VGLL3		ENSG00000206538	protein_coding	Marmoset
VGLL3		ENSG00000206538	protein_coding	Owl_monkey
WDR31		ENSG00000148225	protein_coding	Marmoset
WDR31		ENSG00000148225	protein_coding	Owl_monkey
ZFP2		ENSG00000198939	protein_coding	Owl_monkey
ZNF155		ENSG00000204920	protein_coding	Marmoset
ZNF155		ENSG00000204920	protein_coding	Owl_monkey
ZNF234		ENSG00000263002	protein_coding	Marmoset
ZNF234		ENSG00000263002	protein_coding	Owl_monkey
ZNF283		ENSG00000167637	protein_coding	Gorilla
ZNF283		ENSG00000167637	protein_coding	Macaque_indian
ZNF320		ENSG00000182986	protein_coding	Gorilla
ZNF320		ENSG00000182986	protein_coding	Macaque_indian
ZNF404		ENSG00000176222	protein_coding	Macaque_indian
ZNF404		ENSG00000176222	protein_coding	Owl_monkey
ZNF418		ENSG00000196724	protein_coding	Macaque_indian
ZNF418		ENSG00000196724	protein_coding	Marmoset
ZNF469		ENSG00000225614	protein_coding	Orangutan
ZNF469		ENSG00000225614	protein_coding	Owl_monkey
ZNF534		ENSG00000198633	protein_coding	Gorilla
ZNF534		ENSG00000198633	protein_coding	Macaque_indian
ZNF544		ENSG00000198131	protein_coding	Macaque_indian
ZNF544		ENSG00000198131	protein_coding	Owl_monkey
ZNF568		ENSG00000198453	protein_coding	Gibbon
ZNF568		ENSG00000198453	protein_coding	Owl_monkey
ZNF664		ENSG00000179195	protein_coding	Marmoset
ZNF664		ENSG00000179195	protein_coding	Owl_monkey
ZNF677		ENSG00000197928	protein_coding	Owl_monkey
ZNF816		ENSG00000180257	protein_coding	Macaque_indian
ZNF816		ENSG00000180257	protein_coding	Orangutan
ZNF837		ENSG00000152475	protein_coding	Marmoset
ZNF85		ENSG00000105750	protein_coding	Gibbon
ZNF85		ENSG00000105750	protein_coding	Macaque_indian
